{
  "modelFileName": "stun_grenade.obj",
  "arms": {
    "rightArm": {
      "armScale": {
        "x": 0.8,
        "y": 0.8,
        "z": 0.8
      },
      "armPos": {
        "x": 0.2,
        "y": -0.25,
        "z": -0.3
      },
      "armRot": {
        "x": 90.0,
        "y": 0.0,
        "z": -90.0
      },
      "armChargePos": {
        "x": 0.47,
        "y": -0.39,
        "z": 0.14
      },
      "armChargeRot": {
        "x": 0.0,
        "y": 0.0,
        "z": -90.0
      }
    }
  },
  "extra": {
    "modelScale": 1.0,
    "thirdPersonOffset": {
      "x": 0.0,
      "y": 0.0,
      "z": 0.0
    },
    "translateAll": {
      "x": 0.0,
      "y": 0.0,
      "z": 0.0
    }
  }
}