{
    "internalName": "alpha",
    "displayName": "Alpha",
    "weaponType": "carbine",
    "customFlashTexture": "nz.flash",
    "gunDamage": 9,
    "gunDamageHeadshotBonus": 2,
    "roundsPerMin": 300,
    "allowEmptyMagazines": false,
    "recoilPitch": 3,
    "recoilYaw": 1.5,
    "randomRecoilPitch": 0.8,
    "randomRecoilYaw": 0.8,
    "bulletSpread": 1,
    "accuracySneakFactor": 0.75,
    "moveSpeedModifier": 1,
    "allowSprintFiring": true,
    "fireModes": [
        "full"
    ],
    "acceptedAmmo": [
        "alphaammo"
    ],
    "dropBulletCasing": true,
    "shellEjectOffsetNormal": {
        "x": -1,
        "y": 0,
        "z": 1
    },
    "shellEjectOffsetAiming": {
        "x": -0.2,
        "y": 0.12,
        "z": 0.5
    },
    "weaponSoundMap": {
        "weaponFire": [
            {
                "soundEvent": "weaponFire",
                "soundName": "nz.alpha.shoot",
                "soundNameDistant": "prototype.hk416.shoot.distant",
                "soundRange": 64,
                "soundMaxRange": 96,
                "soundFadeMultiplier": 1
            }
        ],
        "weaponReload": [
            {
                "soundEvent": "weaponReload",
                "soundName": "nz.alpha.reload"
            }
        ],
		"weaponUnload": [
            {
                "soundEvent": "weaponUnload",
                "soundName": "nz.alpha.reload"
            }
        ]
    },
    "acceptedAttachments": {
        "sight": [
            "prototype.docter_sight"
        ]
    },
    "modelSkins": [
        {
            "internalName": "alpha",
            "skinAsset": "alpha",
            "displayName": "Default"
        }
    ]
}