{
    "internalName": "bonnie",
    "displayName": "bonnie",
    "weaponType": "shotgun",
    "customFlashTexture": "nz.flash",
    "gunDamage": 5,
    "roundsPerMin": 100,
    "allowEmptyMagazines": true,
    "recoilPitch": 10,
    "recoilYaw": 2.5,
    "randomRecoilPitch": 0.8,
    "randomRecoilYaw": 0.8,
    "bulletSpread": 4,
    "numBullets": 6,
    "accuracySneakFactor": 0.5,
    "moveSpeedModifier": 1,
    "allowSprintFiring": true,
    "fireModes": [
        "semi"
    ],
    "acceptedBullets": [
        "prototype.12gauge"
    ],
    "internalAmmoStorage": 6,
    "reloadTime": 120,
    "dropBulletCasing": true,
    "shellEjectOffsetNormal": {
        "x": -1,
        "y": 0,
        "z": -1
    },
    "shellEjectOffsetAiming": {
        "x": -0.2,
        "y": 0.12,
        "z": -0.5
    },
    "weaponSoundMap": {
        "weaponFire": [
            {
                "soundEvent": "weaponFire",
                "soundName": "nz.bonnie.shoot",
                "soundNameDistant": "prototype.spas12.distant",
                "soundRange": 64,
                "soundMaxRange": 96,
                "soundFadeMultiplier": 1
            }
        ],
        "weaponBolt": [
            {
                "soundEvent": "weaponBolt",
                "soundName": "nz.bonnie.pump"
            }
        ],
        "weaponBulletLoad": [
            {
                "soundEvent": "weaponBulletLoad",
                "soundName": "nz.bonnie.shell"
            }
        ]
    },
    "modelSkins": [
        {
            "internalName": "bonnie",
            "skinAsset": "bonnie",
            "displayName": "Default"
        }
    ]
}