{
    "internalName": "charlie",
    "displayName": "Charlie",
    "weaponType": "pistol",
    "customFlashTexture": "prototype.flash",
    "gunDamage": 9,
    "roundsPerMin": 350,
    "allowEmptyMagazines": true,
    "recoilPitch": 1.2,
    "recoilYaw": 0.2,
    "randomRecoilPitch": 0.1,
    "randomRecoilYaw": 0.5,
    "armPose": "ITEM",
    "armPoseAiming": "BOW_AND_ARROW",
    "accuracySneakFactor": 0.75,
    "moveSpeedModifier": 1,
    "allowSprintFiring": true,
    "fireModes": [
        "semi"
    ],
    "acceptedAmmo": [
        "charlieammo"
    ],
    "dropBulletCasing": true,
    "shellEjectOffsetNormal": {
        "x": -1,
        "y": 0,
        "z": 1
    },
    "shellEjectOffsetAiming": {
        "x": -0.2,
        "y": 0.12,
        "z": 0.5
    },
    "weaponSoundMap": {
        "weaponFire": [
            {
                "soundEvent": "weaponFire",
                "soundName": "nz.charlie.shoot",
                "soundNameDistant": "prototype.fnx45.shoot.sup",
                "soundRange": 64,
                "soundMaxRange": 96,
                "soundFadeMultiplier": 1
            }
        ],
        "weaponReload": [
            {
                "soundEvent": "weaponReload",
                "soundName": "nz.charlie.reload"
            }
        ]
    },
    "modelSkins": [
        {
            "internalName": "charlie",
            "skinAsset": "charlie",
            "displayName": "Default"
        }
    ]
}