{
    "internalName": "dexter",
    "displayName": "Dexter",
    "weaponType": "smg",
    "customFlashTexture": "nz.flash",
    "gunDamage": 5,
    "gunDamageHeadshotBonus": 2,
    "roundsPerMin": 600,
    "allowEmptyMagazines": true,
    "recoilPitch": 3,
    "recoilYaw": 1,
    "randomRecoilPitch": 0.8,
    "randomRecoilYaw": 0.8,
    "bulletSpread": 1.25,
    "accuracySneakFactor": 0.5,
    "moveSpeedModifier": 1,
    "allowSprintFiring": true,
    "dropBulletCasing": true,
    "fireModes": [
        "full"
    ],
    "acceptedAmmo": [
        "dexterammo"
    ],
    "shellEjectOffsetNormal": {
        "x": -1,
        "y": 0,
        "z": 1
    },
    "shellEjectOffsetAiming": {
        "x": -0.2,
        "y": 0.12,
        "z": 0.5
    },
    "weaponSoundMap": {
        "weaponFire": [
            {
                "soundEvent": "weaponFire",
                "soundName": "nz.dexter.shoot",
                "soundNameDistant": "prototype.mp5.distant",
                "soundRange": 64,
                "soundMaxRange": 96,
                "soundFadeMultiplier": 1
            }
        ],
        "weaponReload": [
            {
                "soundEvent": "weaponReload",
                "soundName": "nz.dexter.reload"
            }
        ]
    },
    "acceptedAttachments": {
        "sight": [
            "prototype.docter_sight"
        ]
    },
    "modelSkins": [
        {
            "internalName": "dexter",
            "skinAsset": "dexter",
            "displayName": "Default"
        }
    ]
}