{
  "prototype.generic.load": {
    "category": "player",
    "sounds": [
      "modularwarfare:load"
    ]
  },
  "prototype.generic.unload": {
    "category": "player",
    "sounds": [
      "modularwarfare:unload"
    ]
  },
  "prototype.generic.reload": {
    "category": "player",
    "sounds": [
      "modularwarfare:reload"
    ]
  },
  "prototype.ak47.shoot": {
    "category": "player",
    "sounds": [
      "modularwarfare:ak47/shoot1",
      "modularwarfare:ak47/shoot2",
      "modularwarfare:ak47/shoot3",
      "modularwarfare:ak47/shoot4"
    ]
  },
  "prototype.ak47.shoot.sup": {
    "category": "player",
    "sounds": [
      "modularwarfare:ak47/suppressed1",
      "modularwarfare:ak47/suppressed2"
    ]
  },
  "prototype.ak47.shoot.distant": {
    "category": "player",
    "sounds": [
      "modularwarfare:ak47/distant"
    ]
  },
  "prototype.ak74u.shoot": {
    "category": "player",
    "sounds": [
      "modularwarfare:ak74u/shoot1",
      "modularwarfare:ak74u/shoot2",
      "modularwarfare:ak74u/shoot3",
      "modularwarfare:ak74u/shoot4"
    ]
  },
  "prototype.ak74u.shoot.sup": {
    "category": "player",
    "sounds": [
      "modularwarfare:ak74u/suppressed1",
      "modularwarfare:ak74u/suppressed2"
    ]
  },
  "prototype.ak74u.shoot.distant": {
    "category": "player",
    "sounds": [
      "modularwarfare:ak74u/distant"
    ]
  },
  "prototype.hk416.shoot": {
    "category": "player",
    "sounds": [
      "modularwarfare:hk416/shoot1",
      "modularwarfare:hk416/shoot2",
      "modularwarfare:hk416/shoot3",
      "modularwarfare:hk416/shoot4"
    ]
  },
  "prototype.hk416.shoot.sup": {
    "category": "player",
    "sounds": [
      "modularwarfare:hk416/suppressed1",
      "modularwarfare:hk416/suppressed2",
      "modularwarfare:hk416/suppressed3"
    ]
  },
  "prototype.hk416.shoot.distant": {
    "category": "player",
    "sounds": [
      "modularwarfare:hk416/distant"
    ]
  },
  "prototype.hk416.rack": {
    "category": "player",
    "sounds": [
      "modularwarfare:hk416/rack"
    ]
  },
  "prototype.fnx45.shoot": {
    "category": "player",
    "sounds": [
      "modularwarfare:fnx45/shoot1",
      "modularwarfare:fnx45/shoot2",
      "modularwarfare:fnx45/shoot3",
      "modularwarfare:fnx45/shoot4"
    ]
  },
  "prototype.fnx45.shoot.sup": {
    "category": "player",
    "sounds": [
      "modularwarfare:fnx45/suppressed1",
      "modularwarfare:fnx45/suppressed2",
      "modularwarfare:fnx45/suppressed3"
    ]
  },
  "prototype.mosin_nagant.shoot": {
    "category": "player",
    "sounds": [
      "modularwarfare:mosin_nagant/shoot"
    ]
  },
  "prototype.mosin_nagant.shoot.sup": {
    "category": "player",
    "sounds": [
      "modularwarfare:mosin_nagant/suppressed1",
      "modularwarfare:mosin_nagant/suppressed2",
      "modularwarfare:mosin_nagant/suppressed3"
    ]
  },
  "prototype.mosin_nagant.distant": {
    "category": "player",
    "sounds": [
      "modularwarfare:mosin_nagant/distant"
    ]
  },
  "prototype.mosin_nagant.reload": {
    "category": "player",
    "sounds": [
      "modularwarfare:mosin_nagant/reload"
    ]
  },
  "prototype.mosin_nagant.bolt": {
    "category": "player",
    "sounds": [
      "modularwarfare:mosin_nagant/bolt"
    ]
  },
  "prototype.sks.shoot": {
    "category": "player",
    "sounds": [
      "modularwarfare:sks/shoot1",
      "modularwarfare:sks/shoot2",
      "modularwarfare:sks/shoot3",
      "modularwarfare:sks/shoot4"
    ]
  },
  "prototype.sks.shoot.sup": {
    "category": "player",
    "sounds": [
      "modularwarfare:sks/suppressed1",
      "modularwarfare:sks/suppressed2",
      "modularwarfare:sks/suppressed3"
    ]
  },
  "prototype.sks.distant": {
    "category": "player",
    "sounds": [
      "modularwarfare:sks/distant"
    ]
  },
  "prototype.sks.reload": {
    "category": "player",
    "sounds": [
      "modularwarfare:sks/reload"
    ]
  },
  "prototype.sks.bolt": {
    "category": "player",
    "sounds": [
      "modularwarfare:sks/bolt"
    ]
  },
  "prototype.mp40.shoot": {
    "category": "player",
    "sounds": [
      "modularwarfare:mp40/shoot1",
      "modularwarfare:mp40/shoot2",
      "modularwarfare:mp40/shoot3"
    ]
  },
  "prototype.mp40.shoot.distant": {
    "category": "player",
    "sounds": [
      "modularwarfare:mp40/distant"
    ]
  },
  "prototype.spas12.shoot": {
    "category": "player",
    "sounds": [
      "modularwarfare:spas12/shoot"
    ]
  },
  "prototype.spas12.shoot.sup": {
    "category": "player",
    "sounds": [
      "modularwarfare:spas12/suppressed1",
      "modularwarfare:spas12/suppressed2",
      "modularwarfare:spas12/suppressed3",
      "modularwarfare:spas12/suppressed4"
    ]
  },
  "prototype.spas12.pump": {
    "category": "player",
    "volume": 0.5,
    "sounds": [
      "modularwarfare:spas12/pump"
    ]
  },
  "prototype.spas12.chamber": {
    "category": "player",
    "sounds": [
      "modularwarfare:spas12/chamber1",
      "modularwarfare:spas12/chamber2",
      "modularwarfare:spas12/chamber3",
      "modularwarfare:spas12/chamber4"
    ]
  },
  "prototype.p88.shoot.distant": {
    "category": "player",
    "sounds": [
      "modularwarfare:p88/distant"
    ]
  },
  "prototype.p88.reload": {
    "category": "player",
    "sounds": [
      "modularwarfare:p88/reload"
    ]
  },
  "prototype.p88.shoot": {
    "category": "player",
    "sounds": [
      "modularwarfare:p88/shoot"
    ]
  },
  "prototype.p88.shoot.sup": {
    "category": "player",
    "sounds": [
      "modularwarfare:p88/suppressed1",
      "modularwarfare:p88/suppressed2",
      "modularwarfare:p88/suppressed3"
    ]
  },
  "prototype.vss.shoot": {
    "category": "player",
    "sounds": [
      "modularwarfare:vss/shoot1",
      "modularwarfare:vss/shoot2",
      "modularwarfare:vss/shoot3"
    ]
  },
  "prototype.l115a3.shoot": {
    "category": "player",
    "sounds": [
      "modularwarfare:l115a3/shoot1",
      "modularwarfare:l115a3/shoot2",
      "modularwarfare:l115a3/shoot3",
      "modularwarfare:l115a3/shoot4"
    ]
  },
  "prototype.l115a3.distant": {
    "category": "player",
    "sounds": [
      "modularwarfare:l115a3/shoot1",
      "modularwarfare:l115a3/shoot2",
      "modularwarfare:l115a3/shoot3",
      "modularwarfare:l115a3/shoot4"
    ]
  },
  "prototype.l115a3.bolt": {
    "category": "player",
    "sounds": [
      "modularwarfare:l115a3/bolt"
    ]
  },
  "prototype.l115a3.reload": {
    "category": "player",
    "sounds": [
      "modularwarfare:l115a3/reload"
    ]
  },
  "prototype.l115a3.shoot.sup": {
  "category": "player",
  "sounds": [
    "modularwarfare:l115a3/suppressed1",
    "modularwarfare:l115a3/suppressed2",
    "modularwarfare:l115a3/suppressed3"
  ]
},
  "prototype.uzi.shoot": {
    "category": "player",
    "sounds": [
      "modularwarfare:uzi/shoot"
    ]
  },
  "prototype.uzi.distant": {
    "category": "player",
    "sounds": [
      "modularwarfare:uzi/distant"
    ]
  },
  "prototype.mp5.shoot": {
    "category": "player",
    "sounds": [
      "modularwarfare:mp5/shoot1",
      "modularwarfare:mp5/shoot2",
      "modularwarfare:mp5/shoot3",
      "modularwarfare:mp5/shoot4"
    ]
  },
  "prototype.mp5.distant": {
    "category": "player",
    "sounds": [
      "modularwarfare:mp5/distant"
    ]
  },
  "prototype.mp5sd.shoot": {
    "category": "player",
    "sounds": [
      "modularwarfare:mp5sd/shoot1",
      "modularwarfare:mp5sd/shoot2",
      "modularwarfare:mp5sd/shoot3",
      "modularwarfare:mp5sd/shoot4"
    ]
  },
  "prototype.m14.shoot": {
    "category": "player",
    "sounds": [
      "modularwarfare:m14/shoot1",
      "modularwarfare:m14/shoot2",
      "modularwarfare:m14/shoot3",
      "modularwarfare:m14/shoot4"
    ]
  },
  "prototype.m14.distant": {
    "category": "player",
    "sounds": [
      "modularwarfare:m14/distant"
    ]
  },
  "prototype.mg42.shoot": {
    "category": "player",
    "sounds": [
      "modularwarfare:mg42/shoot1"
    ]
  },
  "prototype.mg42.shoot.sup": {
    "category": "player",
    "sounds": [
      "modularwarfare:mg42/suppressed1"
    ]
  },
  "prototype.mg42.shoot.distant": {
    "category": "player",
    "sounds": [
      "modularwarfare:mg42/distant"
    ]
  },
  "prototype.taurus.shoot": {
    "category": "player",
    "sounds": [
      "modularwarfare:taurus/shoot1",
      "modularwarfare:taurus/shoot2",
      "modularwarfare:taurus/shoot3",
      "modularwarfare:taurus/shoot4"
    ]
  },
  "prototype.taurus.shoot.distant": {
    "category": "player",
    "sounds": [
      "modularwarfare:taurus/distant1",
      "modularwarfare:taurus/distant2",
      "modularwarfare:taurus/distant3"
    ]
  },
  "prototype.taurus.click": {
    "category": "player",
    "sounds": [
      "modularwarfare:taurus/click"
    ]
  },
  "prototype.vz68.shoot": {
    "category": "player",
    "sounds": [
      "modularwarfare:vz68/shoot1",
      "modularwarfare:vz68/shoot2",
      "modularwarfare:vz68/shoot3",
      "modularwarfare:vz68/shoot4"
    ]
  },
    "nz.alpha.shoot": {
    "category": "neutral",
    "sounds": [
      "modularwarfare:alpha/alpha_shoot1",
      "modularwarfare:alpha/alpha_shoot2"
    ]
  },
      "nz.alpha.reload": {
    "category": "player",
    "sounds": [
      "modularwarfare:alpha/reload"
    ]
  },
      "nz.charlie.reload": {
    "category": "player",
    "sounds": [
      "modularwarfare:charlie/reload"
    ]
  },
      "nz.charlie.shoot": {
    "category": "player",
    "sounds": [
      "modularwarfare:charlie/shoot"
    ]
  },
      "nz.bonnie.shell": {
    "category": "player",
    "sounds": [
      "modularwarfare:bonnie/shell1",
	  "modularwarfare:bonnie/shell2",
	  "modularwarfare:bonnie/shell3"
    ]
  },
      "nz.bonnie.shoot": {
    "category": "player",
    "sounds": [
      "modularwarfare:bonnie/shoot"
    ]
  },
      "nz.bonnie.pump": {
    "category": "player",
    "sounds": [
      "modularwarfare:bonnie/pump"
    ]
  },
      "nz.dexter.shoot": {
    "category": "player",
    "sounds": [
      "modularwarfare:dexter/shoot"
    ]
  },
      "nz.dexter.reload": {
    "category": "player",
    "sounds": [
      "modularwarfare:dexter/reload"
    ]
  },
  "prototype.vz68.shoot.distant": {
    "category": "player",
    "sounds": [
      "modularwarfare:vz68/distant"
    ]
  }
}
