{
	"credit": "By NZ in Blockbench",
	"texture_size": [32, 32],
	"textures": {
		"0": "modularwarfare:items/guns/alpha",
		"particle": "modularwarfare:items/guns/alpha"
	},
	"elements": [
		{
			"from": [7.25, 8.50731, -10.99058],
			"to": [8.75, 10.00731, 0.00942],
			"rotation": {"angle": 0, "axis": "y", "origin": [8, 8.50731, -3.49058]},
			"faces": {
				"north": {"uv": [1.5, 4.5, 2.5, 5], "texture": "#0"},
				"east": {"uv": [0, 4.5, 5.5, 5.25], "texture": "#0"},
				"south": {"uv": [0, 0, 1.5, 1.5], "texture": "#missing"},
				"west": {"uv": [0, 4.5, 5.5, 5.25], "texture": "#0"},
				"up": {"uv": [0, 0, 1.5, 11], "texture": "#missing"},
				"down": {"uv": [0, 4.5, 5.5, 5.25], "rotation": 90, "texture": "#0"}
			}
		},
		{
			"from": [7, 3, 15],
			"to": [9, 9, 18],
			"rotation": {"angle": -22.5, "axis": "x", "origin": [8, 3.5, 16.5]},
			"faces": {
				"north": {"uv": [10, 8, 11, 11], "texture": "#0"},
				"east": {"uv": [12.5, 8, 11, 11], "texture": "#0"},
				"south": {"uv": [12.5, 8, 13.5, 11], "texture": "#0"},
				"west": {"uv": [11, 8, 12.5, 11], "texture": "#0"},
				"up": {"uv": [0, 0, 2, 3], "texture": "#missing"},
				"down": {"uv": [10, 8.5, 11, 10], "texture": "#0"}
			}
		},
		{
			"from": [6.75, 8.00731, 4.00942],
			"to": [9.25, 11.00731, 17.00942],
			"rotation": {"angle": 0, "axis": "y", "origin": [7.5, 8.50731, 15.50942]},
			"faces": {
				"north": {"uv": [9.5, 6, 10.75, 7.5], "texture": "#0"},
				"east": {"uv": [9.5, 6, 16, 7.5], "texture": "#0"},
				"south": {"uv": [8.5, 3, 9.75, 4.5], "texture": "#0"},
				"west": {"uv": [9.5, 6, 16, 7.5], "texture": "#0"},
				"up": {"uv": [9.5, 6, 16, 7.25], "rotation": 90, "texture": "#0"},
				"down": {"uv": [9.5, 6, 16, 7.25], "rotation": 90, "texture": "#0"}
			}
		},
		{
			"from": [6.75, 6.00731, 4.00942],
			"to": [9.25, 8.00731, 9.00942],
			"rotation": {"angle": 0, "axis": "y", "origin": [7.5, 5.50731, 15.50942]},
			"faces": {
				"north": {"uv": [2, 6.5, 3.25, 7.5], "texture": "#0"},
				"east": {"uv": [2, 6.5, 4.5, 7.5], "texture": "#0"},
				"south": {"uv": [2, 6.5, 3.25, 7.5], "texture": "#0"},
				"west": {"uv": [2, 6.5, 4.5, 7.5], "texture": "#0"},
				"up": {"uv": [0, 0, 2.5, 5], "texture": "#missing"},
				"down": {"uv": [10.5, 9, 13, 10.25], "rotation": 90, "texture": "#0"}
			}
		},
		{
			"from": [7.25, 6.00731, 9.00942],
			"to": [8.75, 8.00731, 10.00942],
			"rotation": {"angle": 0, "axis": "y", "origin": [7.5, 5.50731, 16.50942]},
			"faces": {
				"north": {"uv": [0, 0, 1.5, 2], "texture": "#missing"},
				"east": {"uv": [6.5, 8, 7, 9], "texture": "#0"},
				"south": {"uv": [6.5, 8, 7, 9], "texture": "#0"},
				"west": {"uv": [6.5, 8, 7, 9], "texture": "#0"},
				"up": {"uv": [0, 0, 1.5, 1], "texture": "#missing"},
				"down": {"uv": [6.5, 8, 7, 8.5], "texture": "#0"}
			}
		},
		{
			"from": [7.75, 6.50731, 12.50942],
			"to": [8.25, 8.25731, 13.00942],
			"rotation": {"angle": 22.5, "axis": "x", "origin": [8, 7.25731, 12.75942]},
			"faces": {
				"north": {"uv": [5.5, 6, 6, 6.5], "texture": "#0"},
				"east": {"uv": [5.5, 6, 6, 6.5], "texture": "#0"},
				"south": {"uv": [5.5, 6, 6, 6.5], "texture": "#0"},
				"west": {"uv": [5.5, 6, 6, 6.5], "texture": "#0"},
				"up": {"uv": [5.5, 6, 6, 6.5], "texture": "#0"},
				"down": {"uv": [5.5, 6, 6, 6.5], "texture": "#0"}
			}
		},
		{
			"from": [7.25, 5.785, 9.87569],
			"to": [8.75, 6.285, 10.87569],
			"rotation": {"angle": 22.5, "axis": "x", "origin": [8, 6.035, 10.37569]},
			"faces": {
				"north": {"uv": [0, 0, 1.5, 0.5], "texture": "#missing"},
				"east": {"uv": [10, 6.5, 10.5, 7], "texture": "#0"},
				"south": {"uv": [0, 0, 1.5, 0.5], "texture": "#missing"},
				"west": {"uv": [7, 8, 7.5, 8.25], "texture": "#0"},
				"up": {"uv": [10, 6.5, 10.5, 7], "texture": "#0"},
				"down": {"uv": [6.5, 8, 7, 8.5], "texture": "#0"}
			}
		},
		{
			"from": [7.25, 5.61269, 10.74196],
			"to": [8.75, 6.11269, 13.99196],
			"rotation": {"angle": 0, "axis": "y", "origin": [8, 5.86269, 12.24196]},
			"faces": {
				"north": {"uv": [0, 0, 1.5, 0.5], "texture": "#missing"},
				"east": {"uv": [10, 6.5, 10.5, 7], "texture": "#0"},
				"south": {"uv": [0, 0, 1.5, 0.5], "texture": "#missing"},
				"west": {"uv": [7.5, 8, 9.125, 8.25], "texture": "#0"},
				"up": {"uv": [10, 6.5, 10.5, 7], "texture": "#0"},
				"down": {"uv": [10, 6.5, 10.5, 7], "texture": "#0"}
			}
		},
		{
			"from": [7.1, 7.25731, 3.00942],
			"to": [8.9, 8.25731, 4.00942],
			"rotation": {"angle": 22.5, "axis": "x", "origin": [8, 7.75731, 3.50942]},
			"faces": {
				"north": {"uv": [10, 5, 10.5, 5.5], "texture": "#0"},
				"east": {"uv": [10, 5, 10.5, 5.5], "texture": "#0"},
				"south": {"uv": [10, 5, 10.5, 5.5], "texture": "#0"},
				"west": {"uv": [10, 5, 10.5, 5.5], "texture": "#0"},
				"up": {"uv": [10, 5, 10.5, 5.5], "texture": "#0"},
				"down": {"uv": [10, 5, 10.5, 5.5], "texture": "#0"}
			}
		},
		{
			"from": [6.5, 8.25731, 4.30942],
			"to": [9.5, 9.25731, 5.30942],
			"rotation": {"angle": -22.5, "axis": "x", "origin": [8, 8.75731, 4.50942]},
			"faces": {
				"north": {"uv": [9.5, 5, 10, 5.5], "texture": "#0"},
				"east": {"uv": [9.5, 5, 10, 5.5], "texture": "#0"},
				"south": {"uv": [9.5, 5, 10, 5.5], "texture": "#0"},
				"west": {"uv": [9.5, 5, 10, 5.5], "texture": "#0"},
				"up": {"uv": [9.5, 5, 10, 5.5], "texture": "#0"},
				"down": {"uv": [9.5, 5, 10, 5.5], "texture": "#0"}
			}
		},
		{
			"from": [6.25, 9.25731, 12.00942],
			"to": [6.75, 10.25731, 13.00942],
			"rotation": {"angle": -22.5, "axis": "x", "origin": [8, 9.75731, 12.50942]},
			"faces": {
				"north": {"uv": [9.5, 5, 10, 5.5], "texture": "#0"},
				"east": {"uv": [9.5, 5, 10, 5.5], "texture": "#0"},
				"south": {"uv": [9.5, 5, 10, 5.5], "texture": "#0"},
				"west": {"uv": [9.5, 5, 10, 5.5], "texture": "#0"},
				"up": {"uv": [9.5, 5, 10, 5.5], "texture": "#0"},
				"down": {"uv": [9.5, 5, 10, 5.5], "texture": "#0"}
			}
		},
		{
			"from": [6.5, 9.25731, 12.75942],
			"to": [6.75, 10.00731, 15.25942],
			"rotation": {"angle": 0, "axis": "y", "origin": [8, 9.75731, 15.25942]},
			"faces": {
				"north": {"uv": [10, 5, 10.125, 5.375], "texture": "#0"},
				"east": {"uv": [10, 5, 11.25, 5.375], "texture": "#0"},
				"south": {"uv": [10, 5, 10.125, 5.375], "texture": "#0"},
				"west": {"uv": [10, 5, 11.25, 5.375], "texture": "#0"},
				"up": {"uv": [10, 5, 11.25, 5.125], "rotation": 90, "texture": "#0"},
				"down": {"uv": [10, 5, 11.25, 5.125], "rotation": 90, "texture": "#0"}
			}
		},
		{
			"from": [6.5, 10.00731, -10.99058],
			"to": [9.5, 11.50731, 4.00942],
			"rotation": {"angle": 0, "axis": "y", "origin": [7.5, 9.00731, 2.50942]},
			"faces": {
				"north": {"uv": [0, 3.5, 1.5, 4.25], "texture": "#0"},
				"east": {"uv": [0, 3.5, 7.5, 4.25], "texture": "#0"},
				"south": {"uv": [0, 3.5, 1.5, 4.25], "texture": "#0"},
				"west": {"uv": [0, 3.5, 7.5, 4.25], "texture": "#0"},
				"up": {"uv": [0, 3, 7.5, 4.5], "rotation": 90, "texture": "#0"},
				"down": {"uv": [0, 3, 7.5, 4.5], "rotation": 90, "texture": "#0"}
			}
		},
		{
			"from": [6, 10.25731, -9.99058],
			"to": [10, 11.25731, -7.99058],
			"rotation": {"angle": 0, "axis": "y", "origin": [7.5, 9.00731, 2.50942]},
			"faces": {
				"north": {"uv": [9.5, 5, 11.5, 5.5], "texture": "#0"},
				"east": {"uv": [9.5, 5, 10.5, 5.5], "texture": "#0"},
				"south": {"uv": [9.5, 5, 11.5, 5.5], "texture": "#0"},
				"west": {"uv": [9.5, 5, 10.5, 5.5], "texture": "#0"},
				"up": {"uv": [9.5, 5, 10, 5.5], "texture": "#0"},
				"down": {"uv": [9.5, 5, 10, 5.5], "texture": "#0"}
			}
		},
		{
			"from": [6, 10.25731, 1.00942],
			"to": [10, 11.25731, 3.00942],
			"rotation": {"angle": 0, "axis": "y", "origin": [7.5, 9.00731, 13.50942]},
			"faces": {
				"north": {"uv": [9.5, 5, 11.5, 5.5], "texture": "#0"},
				"east": {"uv": [9.5, 5, 10.5, 5.5], "texture": "#0"},
				"south": {"uv": [9.5, 5, 11.5, 5.5], "texture": "#0"},
				"west": {"uv": [9.5, 5, 10.5, 5.5], "texture": "#0"},
				"up": {"uv": [9.5, 5, 10, 5.5], "texture": "#0"},
				"down": {"uv": [9.5, 5, 10, 5.5], "texture": "#0"}
			}
		},
		{
			"from": [7.5, 10.00731, -14],
			"to": [8.5, 11.00731, -10.99058],
			"rotation": {"angle": 0, "axis": "y", "origin": [7.5, 8.75731, -2.49058]},
			"faces": {
				"north": {"uv": [10.5, 12.5, 11, 13], "texture": "#0"},
				"east": {"uv": [10.5, 12.5, 12.00471, 13], "texture": "#0"},
				"south": {"uv": [10.5, 12.5, 11, 13], "texture": "#0"},
				"west": {"uv": [10.5, 12.5, 12.00471, 13], "texture": "#0"},
				"up": {"uv": [10.5, 12.5, 12.00471, 13], "rotation": 90, "texture": "#0"},
				"down": {"uv": [10.5, 12.5, 12.00471, 13], "rotation": 90, "texture": "#0"}
			}
		},
		{
			"from": [7.25, 9.75731, -16],
			"to": [8.75, 11.25731, -13.99058],
			"rotation": {"angle": 0, "axis": "y", "origin": [7.5, 8.75731, -2.49058]},
			"faces": {
				"north": {"uv": [14.5, 12.5, 15, 13], "texture": "#0"},
				"east": {"uv": [13, 12.5, 14.00471, 13.25], "texture": "#0"},
				"south": {"uv": [13.5, 12.5, 14, 13], "texture": "#0"},
				"west": {"uv": [13, 12.5, 14.00471, 13.25], "texture": "#0"},
				"up": {"uv": [13, 12.5, 14.00471, 13.25], "rotation": 90, "texture": "#0"},
				"down": {"uv": [13, 12.5, 14.00471, 13.25], "rotation": 270, "texture": "#0"}
			}
		},
		{
			"from": [7.25, 9.75731, -13.5],
			"to": [8.75, 11.25731, -12.99058],
			"rotation": {"angle": 0, "axis": "y", "origin": [7.5, 8.75731, -1.49058]},
			"faces": {
				"north": {"uv": [14.5, 8.5, 15.25, 9.25], "texture": "#0"},
				"east": {"uv": [14.5, 8.5, 14.75471, 9.25], "texture": "#0"},
				"south": {"uv": [14.5, 8.5, 15.25, 9.25], "texture": "#0"},
				"west": {"uv": [14.5, 8.5, 14.75471, 9.25], "texture": "#0"},
				"up": {"uv": [14.5, 8.5, 14.75471, 9.25], "texture": "#0"},
				"down": {"uv": [14.5, 8.5, 15.25, 8.75471], "texture": "#0"}
			}
		},
		{
			"from": [7.5, 12.75731, -12.24058],
			"to": [8.5, 13.25731, -9.74058],
			"rotation": {"angle": 0, "axis": "y", "origin": [7.5, 11.00731, -1.24058]},
			"faces": {
				"north": {"uv": [14.5, 8.5, 15, 8.75], "texture": "#0"},
				"east": {"uv": [14.5, 8.5, 14.75, 9.75], "rotation": 90, "texture": "#0"},
				"south": {"uv": [14.5, 8.5, 15, 8.75], "texture": "#0"},
				"west": {"uv": [14.5, 8.5, 15.75, 8.75], "texture": "#0"},
				"up": {"uv": [14.5, 8.5, 15, 9.75], "texture": "#0"},
				"down": {"uv": [14.5, 8.5, 15, 9.75], "texture": "#0"}
			}
		},
		{
			"from": [7.3, 12.65731, -13.64058],
			"to": [8.7, 13.35731, -12.24058],
			"rotation": {"angle": 0, "axis": "y", "origin": [7.5, 11.00731, -3.74058]},
			"faces": {
				"north": {"uv": [7.5, 13, 8.2, 13.35], "texture": "#0"},
				"east": {"uv": [7.5, 13, 8.2, 13.35], "texture": "#0"},
				"south": {"uv": [7.5, 13, 8.2, 13.35], "texture": "#0"},
				"west": {"uv": [7.5, 13, 8.2, 13.35], "texture": "#0"},
				"up": {"uv": [7.5, 13, 8.2, 13.7], "texture": "#0"},
				"down": {"uv": [7.5, 13, 8.2, 13.7], "texture": "#0"}
			}
		},
		{
			"from": [7.15, 12.75731, -10.49058],
			"to": [8.85, 13.50731, -9.74058],
			"rotation": {"angle": 22.5, "axis": "x", "origin": [8, 13.13231, -10.11558]},
			"faces": {
				"north": {"uv": [7.5, 12.5, 8.35, 12.875], "texture": "#0"},
				"east": {"uv": [7.5, 12.5, 7.875, 12.875], "texture": "#0"},
				"south": {"uv": [7.5, 12.5, 8.35, 12.875], "texture": "#0"},
				"west": {"uv": [7.5, 12.5, 7.875, 12.875], "texture": "#0"},
				"up": {"uv": [7.5, 12.5, 8.35, 12.875], "texture": "#0"},
				"down": {"uv": [7.5, 12.5, 8.35, 12.875], "texture": "#0"}
			}
		},
		{
			"from": [7, 11.00731, 4.00942],
			"to": [9, 13.00731, 17.00942],
			"rotation": {"angle": 0, "axis": "y", "origin": [8, 11.50731, 15.50942]},
			"faces": {
				"north": {"uv": [8.5, 3, 9.5, 4], "texture": "#0"},
				"east": {"uv": [8.5, 3, 15, 4], "texture": "#0"},
				"south": {"uv": [8.5, 3, 9.5, 4], "texture": "#0"},
				"west": {"uv": [0, 13.5, 6.5, 14.5], "texture": "#0"},
				"up": {"uv": [8.5, 3, 15, 4], "rotation": 90, "texture": "#0"},
				"down": {"uv": [0, 0, 2, 13], "texture": "#missing"}
			}
		},
		{
			"from": [7.25, 12.75731, -10.99058],
			"to": [8.75, 13.00731, 3.00942],
			"rotation": {"angle": 0, "axis": "y", "origin": [8, 11.75731, 15.50942]},
			"faces": {
				"north": {"uv": [0, 6, 0.75, 6.125], "texture": "#0"},
				"east": {"uv": [0, 6, 0.125, 13], "rotation": 90, "texture": "#0"},
				"south": {"uv": [0, 6, 0.75, 6.125], "texture": "#0"},
				"west": {"uv": [0, 6, 0.125, 13], "rotation": 90, "texture": "#0"},
				"up": {"uv": [0, 6, 0.75, 12.5], "texture": "#0"},
				"down": {"uv": [0, 0, 1.5, 14], "texture": "#missing"}
			}
		},
		{
			"from": [7.25, 13.00731, 4.00942],
			"to": [8.75, 13.25731, 17.00942],
			"rotation": {"angle": 0, "axis": "y", "origin": [8, 12.00731, 30.50942]},
			"faces": {
				"north": {"uv": [0, 6, 0.75, 6.125], "texture": "#0"},
				"east": {"uv": [0, 6, 0.125, 12.5], "rotation": 90, "texture": "#0"},
				"south": {"uv": [0, 6, 0.75, 6.125], "texture": "#0"},
				"west": {"uv": [0, 6, 0.125, 12.5], "rotation": 90, "texture": "#0"},
				"up": {"uv": [0, 6, 0.75, 12.5], "texture": "#0"},
				"down": {"uv": [0, 0, 1.5, 13], "texture": "#missing"}
			}
		},
		{
			"from": [8.34567, 10.63828, 5.00942],
			"to": [9.34567, 12.13828, 10.00942],
			"rotation": {"angle": 22.5, "axis": "z", "origin": [8.84567, 11.38828, 6.50942]},
			"faces": {
				"north": {"uv": [2.5, 12, 3, 12.75], "texture": "#0"},
				"east": {"uv": [2.5, 12, 5, 12.75], "texture": "#0"},
				"south": {"uv": [2.5, 12, 3, 12.75], "texture": "#0"},
				"west": {"uv": [2.5, 12, 5, 12.75], "texture": "#0"},
				"up": {"uv": [2.5, 12, 5, 12.5], "rotation": 90, "texture": "#0"},
				"down": {"uv": [2.5, 12, 5, 12.5], "rotation": 90, "texture": "#0"}
			}
		},
		{
			"from": [7, 9.00731, 17.00942],
			"to": [9, 12.00731, 18.00942],
			"rotation": {"angle": 0, "axis": "y", "origin": [8, 9.50731, 17.50942]},
			"faces": {
				"north": {"uv": [0, 0, 2, 3], "texture": "#missing"},
				"east": {"uv": [1.5, 0.5, 2, 2], "texture": "#0"},
				"south": {"uv": [8.5, 3, 9.5, 4.5], "texture": "#0"},
				"west": {"uv": [1.5, 0.5, 2, 2], "texture": "#0"},
				"up": {"uv": [8.5, 3, 9.5, 3.5], "texture": "#0"},
				"down": {"uv": [1.5, 0.5, 2, 1.5], "rotation": 90, "texture": "#0"}
			}
		},
		{
			"from": [7, 7, 26.00942],
			"to": [9, 13.5, 28.50942],
			"rotation": {"angle": 0, "axis": "y", "origin": [8, 11.30731, 22.00942]},
			"faces": {
				"north": {"uv": [8, 12, 9, 15.25], "texture": "#0"},
				"east": {"uv": [7, 12, 8, 15.25], "texture": "#0"},
				"south": {"uv": [8, 12, 9, 15.25], "texture": "#0"},
				"west": {"uv": [7, 12, 8, 15.25], "texture": "#0"},
				"up": {"uv": [13, 9, 14, 10], "texture": "#0"},
				"down": {"uv": [13, 9, 14, 10], "texture": "#0"}
			}
		},
		{
			"from": [7.25, 10.00731, 17.00942],
			"to": [8.75, 13.00731, 27.50942],
			"rotation": {"angle": 0, "axis": "y", "origin": [8, 12.00731, 17.50942]},
			"faces": {
				"north": {"uv": [0, 0, 1.5, 2], "texture": "#missing"},
				"east": {"uv": [7.75, 0.5, 2.5, 2], "texture": "#0"},
				"south": {"uv": [0, 0, 1.5, 2], "texture": "#missing"},
				"west": {"uv": [2.5, 0.5, 7.75, 2], "texture": "#0"},
				"up": {"uv": [10, 6, 15.25, 6.75], "rotation": 90, "texture": "#0"},
				"down": {"uv": [8.25, 0.5, 3, 1], "rotation": 90, "texture": "#0"}
			}
		},
		{
			"from": [7.25, 8.00731, 25.00942],
			"to": [8.75, 10.00731, 26.50942],
			"rotation": {"angle": 0, "axis": "y", "origin": [8, 12.00731, 17.50942]},
			"faces": {
				"north": {"uv": [6.5, 1.5, 7, 2], "texture": "#0"},
				"east": {"uv": [6.5, 1.5, 7, 2], "texture": "#0"},
				"south": {"uv": [6.5, 1.5, 7, 2], "texture": "#0"},
				"west": {"uv": [6.5, 1.5, 7, 2], "texture": "#0"},
				"up": {"uv": [6.5, 1.5, 7, 2], "texture": "#0"},
				"down": {"uv": [6.5, 1.5, 7, 2], "texture": "#0"}
			}
		},
		{
			"from": [7, 11.50731, -10.99058],
			"to": [9, 12.75731, 4.00942],
			"rotation": {"angle": 0, "axis": "y", "origin": [8, 11.50731, 2.50942]},
			"faces": {
				"north": {"uv": [0, 3, 1, 3.5], "texture": "#0"},
				"east": {"uv": [0, 3, 7.5, 3.625], "texture": "#0"},
				"south": {"uv": [0, 0, 2, 1.25], "texture": "#missing"},
				"west": {"uv": [0, 3, 7.5, 3.625], "texture": "#0"},
				"up": {"uv": [0, 3.5, 7.5, 4.5], "rotation": 90, "texture": "#0"},
				"down": {"uv": [0, 0, 2, 15], "texture": "#missing"}
			}
		},
		{
			"from": [7, 8.00731, 0.00942],
			"to": [9, 10.00731, 4.00942],
			"rotation": {"angle": 0, "axis": "y", "origin": [8, 8.50731, 2.50942]},
			"faces": {
				"north": {"uv": [6.5, 4.5, 7.5, 5.5], "texture": "#0"},
				"east": {"uv": [6.5, 4.5, 8.5, 5.5], "texture": "#0"},
				"south": {"uv": [0, 0, 2, 2], "texture": "#missing"},
				"west": {"uv": [6.5, 4.5, 8.5, 5.5], "texture": "#0"},
				"up": {"uv": [0, 0, 2, 4], "texture": "#missing"},
				"down": {"uv": [8.5, 4.5, 6.5, 5.5], "rotation": 90, "texture": "#0"}
			}
		},
		{
			"from": [8.1, 7.00731, 5.4],
			"to": [8.85, 7.75731, 8.4],
			"rotation": {"angle": 0, "axis": "y", "origin": [7.35, 5.25731, 16.40942]},
			"faces": {
				"north": {"uv": [10, 14, 10.375, 14.375], "rotation": 90, "texture": "#0"},
				"east": {"uv": [11.5, 14, 10, 14.375], "texture": "#0"},
				"south": {"uv": [10, 14, 10.375, 14.375], "texture": "#0"},
				"west": {"uv": [10, 14, 11.5, 14.375], "texture": "#0"},
				"up": {"uv": [10, 14, 11.5, 14.375], "rotation": 90, "texture": "#0"},
				"down": {"uv": [10, 14, 11.5, 14.375], "rotation": 90, "texture": "#0"}
			}
		},
		{
			"from": [7.15, 6.75731, 5.4],
			"to": [7.9, 7.50731, 8.4],
			"rotation": {"angle": 0, "axis": "y", "origin": [6.4, 5.00731, 16.40942]},
			"faces": {
				"north": {"uv": [10, 14, 10.375, 14.375], "rotation": 90, "texture": "#0"},
				"east": {"uv": [10, 14, 11.5, 14.375], "texture": "#0"},
				"south": {"uv": [10, 14, 10.375, 14.375], "texture": "#0"},
				"west": {"uv": [10, 14, 11.5, 14.375], "texture": "#0"},
				"up": {"uv": [10, 14, 11.5, 14.375], "rotation": 90, "texture": "#0"},
				"down": {"uv": [10, 14, 11.5, 14.375], "rotation": 90, "texture": "#0"}
			}
		},
		{
			"from": [7, 7.00731, 8.4],
			"to": [9, 8.00731, 8.9],
			"rotation": {"angle": 0, "axis": "y", "origin": [7.5, 5.50731, 19.40942]},
			"faces": {
				"north": {"uv": [10.5, 12.5, 11.5, 13], "texture": "#0"},
				"east": {"uv": [10.5, 12.5, 10.75, 13], "texture": "#0"},
				"south": {"uv": [10.5, 12.5, 11.5, 13], "texture": "#0"},
				"west": {"uv": [10.5, 12.5, 10.75, 13], "texture": "#0"},
				"up": {"uv": [10.5, 12.5, 11.5, 12.75], "texture": "#0"},
				"down": {"uv": [10.5, 12.5, 11.5, 12.75], "texture": "#0"}
			}
		},
		{
			"from": [7, 0.00731, 4.40942],
			"to": [9, 7.00731, 8.90942],
			"rotation": {"angle": 0, "axis": "y", "origin": [8, 2.50731, 6.75942]},
			"faces": {
				"north": {"uv": [3, 7.5, 4, 11], "texture": "#0"},
				"east": {"uv": [2.5, 7.5, 4.75, 11], "texture": "#0"},
				"south": {"uv": [3, 7.5, 4, 11], "texture": "#0"},
				"west": {"uv": [2.5, 7.5, 4.75, 11], "texture": "#0"},
				"up": {"uv": [2, 7.5, 2.5, 8], "texture": "#0"},
				"down": {"uv": [2.5, 7.5, 3.5, 9.75], "texture": "#0"}
			}
		},
		{
			"from": [9.34567, 10.63828, 5.50942],
			"to": [10.34567, 12.13828, 6.00942],
			"rotation": {"angle": 22.5, "axis": "z", "origin": [8.84567, 11.38828, 6.50942]},
			"faces": {
				"north": {"uv": [5, 12, 5.5, 12.5], "texture": "#0"},
				"east": {"uv": [5, 12, 5.5, 12.5], "texture": "#0"},
				"south": {"uv": [5, 12, 5.5, 12.5], "texture": "#0"},
				"west": {"uv": [5, 12, 5.5, 12.5], "texture": "#0"},
				"up": {"uv": [5, 12, 5.5, 12.5], "texture": "#0"},
				"down": {"uv": [5, 12, 5.5, 12.5], "texture": "#0"}
			}
		}
	],
	"display": {
		"thirdperson_righthand": {
			"translation": [0, 2, -2.5],
			"scale": [0, 0, 0]
		},
		"thirdperson_lefthand": {
			"translation": [0, 2, -2.5],
			"scale": [0, 0, 0]
		},
		"firstperson_righthand": {
			"translation": [0, 0, -6.25],
			"scale": [0, 0, 0]
		},
		"firstperson_lefthand": {
			"translation": [0, 0, -6.25],
			"scale": [0, 0, 0]
		},
		"ground": {
			"translation": [0, 10, 0],
			"scale": [0, 0, 0]
		},
		"gui": {
			"rotation": [25, 124, 0],
			"translation": [0.5, 0, 0],
			"scale": [0.4, 0.4, 0.4]
		}
	}
}