{
	"credit": "By NZ in Blockbench",
	"texture_size": [32, 32],
	"textures": {
		"0": "modularwarfare:items/guns/alpha",
		"particle": "modularwarfare:items/guns/alpha"
	},
	"elements": [
		{
			"from": [8.1, 7.00731, 5.4],
			"to": [8.85, 7.75731, 8.4],
			"rotation": {"angle": 0, "axis": "y", "origin": [7.35, 5.25731, 16.40942]},
			"faces": {
				"north": {"uv": [10, 14, 10.375, 14.375], "rotation": 90, "texture": "#0"},
				"east": {"uv": [11.5, 14, 10, 14.375], "texture": "#0"},
				"south": {"uv": [10, 14, 10.375, 14.375], "texture": "#0"},
				"west": {"uv": [10, 14, 11.5, 14.375], "texture": "#0"},
				"up": {"uv": [10, 14, 11.5, 14.375], "rotation": 90, "texture": "#0"},
				"down": {"uv": [10, 14, 11.5, 14.375], "rotation": 90, "texture": "#0"}
			}
		},
		{
			"from": [7.15, 6.75731, 5.4],
			"to": [7.9, 7.50731, 8.4],
			"rotation": {"angle": 0, "axis": "y", "origin": [6.4, 5.00731, 16.40942]},
			"faces": {
				"north": {"uv": [10, 14, 10.375, 14.375], "rotation": 90, "texture": "#0"},
				"east": {"uv": [10, 14, 11.5, 14.375], "texture": "#0"},
				"south": {"uv": [10, 14, 10.375, 14.375], "texture": "#0"},
				"west": {"uv": [10, 14, 11.5, 14.375], "texture": "#0"},
				"up": {"uv": [10, 14, 11.5, 14.375], "rotation": 90, "texture": "#0"},
				"down": {"uv": [10, 14, 11.5, 14.375], "rotation": 90, "texture": "#0"}
			}
		},
		{
			"from": [7, 7.00731, 8.4],
			"to": [9, 8.00731, 8.9],
			"rotation": {"angle": 0, "axis": "y", "origin": [7.5, 5.50731, 19.40942]},
			"faces": {
				"north": {"uv": [10.5, 12.5, 11.5, 13], "texture": "#0"},
				"east": {"uv": [10.5, 12.5, 10.75, 13], "texture": "#0"},
				"south": {"uv": [10.5, 12.5, 11.5, 13], "texture": "#0"},
				"west": {"uv": [10.5, 12.5, 10.75, 13], "texture": "#0"},
				"up": {"uv": [10.5, 12.5, 11.5, 12.75], "texture": "#0"},
				"down": {"uv": [10.5, 12.5, 11.5, 12.75], "texture": "#0"}
			}
		},
		{
			"from": [7, 0.00731, 4.40942],
			"to": [9, 7.00731, 8.90942],
			"rotation": {"angle": 0, "axis": "y", "origin": [8, 2.50731, 6.75942]},
			"faces": {
				"north": {"uv": [3, 7.5, 4, 11], "texture": "#0"},
				"east": {"uv": [2.5, 7.5, 4.75, 11], "texture": "#0"},
				"south": {"uv": [3, 7.5, 4, 11], "texture": "#0"},
				"west": {"uv": [2.5, 7.5, 4.75, 11], "texture": "#0"},
				"up": {"uv": [2, 7.5, 2.5, 8], "texture": "#0"},
				"down": {"uv": [2.5, 7.5, 3.5, 9.75], "texture": "#0"}
			}
		}
	],
	"display": {
		"thirdperson_righthand": {
			"rotation": [20, 0, 0],
			"translation": [-1.25, 2, 0.75],
			"scale": [0.5, 0.5, 0.5]
		},
		"thirdperson_lefthand": {
			"rotation": [35, 0, 0],
			"translation": [-1.25, 2.5, 1.5],
			"scale": [0.5, 0.5, 0.5]
		},
		"firstperson_righthand": {
			"rotation": [-2, 18, 0],
			"translation": [11.25, 2.5, -7.25],
			"scale": [1.5, 1.5, 1.5]
		},
		"firstperson_lefthand": {
			"translation": [0, 0, -6.25],
			"scale": [0, 0, 0]
		},
		"ground": {
			"translation": [0, 10, 0],
			"scale": [0.5, 0.5, 0.5]
		},
		"gui": {
			"rotation": [25, 124, 0],
			"translation": [1.5, 6.25, 0],
			"scale": [1.5, 1.5, 1.5]
		}
	}
}