{
	"credit": "By NZ in Blockbench",
	"texture_size": [32, 32],
	"textures": {
		"0": "modularwarfare:items/guns/bonnie",
		"particle": "modularwarfare:items/guns/bonnie"
	},
	"elements": [
		{
			"from": [6.99468, 2.78121, -15],
			"to": [7.99468, 3.78121, -13],
			"rotation": {"angle": 45, "axis": "z", "origin": [7.85963, 3.84468, 10.46522]},
			"faces": {
				"north": {"uv": [9.5, 2, 9, 1.5], "rotation": 90, "texture": "#0"},
				"east": {"uv": [9.5, 1.5, 8.5, 2], "texture": "#0"},
				"south": {"uv": [0, 0, 0.5, 0.5], "texture": "#missing"},
				"west": {"uv": [8.5, 1.5, 9.5, 2], "texture": "#0"},
				"up": {"uv": [8.5, 1.5, 9.5, 2], "rotation": 90, "texture": "#0"},
				"down": {"uv": [9.5, 2, 8.5, 1.5], "rotation": 90, "texture": "#0"}
			}
		},
		{
			"from": [7, -6.63792, 18.49686],
			"to": [9, -5.63792, 21.99686],
			"rotation": {"angle": -22.5, "axis": "x", "origin": [7.85963, 3.84468, 10.46522]},
			"faces": {
				"north": {"uv": [12.5, 5.5, 13.5, 6], "texture": "#0"},
				"east": {"uv": [10.5, 5.5, 12.25, 6], "texture": "#0"},
				"south": {"uv": [12, 5.5, 11, 6], "texture": "#0"},
				"west": {"uv": [12.25, 5.5, 10.5, 6], "texture": "#0"},
				"up": {"uv": [13.5, 6.5, 14.5, 8.25], "texture": "#0"},
				"down": {"uv": [13.5, 6.5, 14.5, 8.25], "texture": "#0"}
			}
		},
		{
			"from": [7, -5.63792, 18.99686],
			"to": [9, 0.36208, 21.99686],
			"rotation": {"angle": -22.5, "axis": "x", "origin": [7.85963, 3.84468, 10.46522]},
			"faces": {
				"north": {"uv": [12, 2.5, 13, 5.5], "texture": "#0"},
				"east": {"uv": [10.5, 2.5, 12, 5.5], "texture": "#0"},
				"south": {"uv": [12, 2.5, 13, 5.5], "texture": "#0"},
				"west": {"uv": [10.5, 2.5, 12, 5.5], "texture": "#0"},
				"up": {"uv": [10.5, 2.5, 12, 3.5], "rotation": 90, "texture": "#0"},
				"down": {"uv": [0, 0, 1, 1.5], "texture": "#missing"}
			}
		},
		{
			"from": [7.5, -3.18792, 16.69686],
			"to": [8.5, -2.68792, 19.69686],
			"rotation": {"angle": -22.5, "axis": "x", "origin": [7.85963, 3.84468, 10.46522]},
			"faces": {
				"north": {"uv": [6.5, 3, 7, 3.25], "texture": "#0"},
				"east": {"uv": [6.5, 3, 7, 3.25], "texture": "#0"},
				"south": {"uv": [6.5, 3, 7, 3.25], "texture": "#0"},
				"west": {"uv": [6.5, 3, 7, 3.25], "texture": "#0"},
				"up": {"uv": [6.5, 3, 7, 3.25], "texture": "#0"},
				"down": {"uv": [6.5, 3, 7, 3.25], "texture": "#0"}
			}
		},
		{
			"from": [7.5, 0.42911, 15.82508],
			"to": [8.5, 2.42911, 17.32508],
			"rotation": {"angle": 0, "axis": "y", "origin": [7.85963, 3.84468, 10.46522]},
			"faces": {
				"north": {"uv": [6.5, 3, 7, 3.5], "texture": "#0"},
				"east": {"uv": [6.5, 3, 7, 3.5], "texture": "#0"},
				"south": {"uv": [6.5, 3, 7, 3.5], "texture": "#0"},
				"west": {"uv": [6.5, 3, 7, 3.5], "texture": "#0"},
				"up": {"uv": [6.5, 3, 7, 3.5], "texture": "#0"},
				"down": {"uv": [6.5, 3, 7, 3.5], "texture": "#0"}
			}
		},
		{
			"from": [7.7, 1.17911, 19.57508],
			"to": [8.3, 2.42911, 20.07508],
			"rotation": {"angle": 0, "axis": "y", "origin": [7.85963, 3.84468, 10.46522]},
			"faces": {
				"north": {"uv": [8, 1.5, 8.5, 2], "texture": "#0"},
				"east": {"uv": [8, 1.5, 8.5, 2], "texture": "#0"},
				"south": {"uv": [8, 1.5, 8.5, 2], "texture": "#0"},
				"west": {"uv": [8, 1.5, 8.5, 2], "texture": "#0"},
				"up": {"uv": [8, 1.5, 8.5, 2], "texture": "#0"},
				"down": {"uv": [8, 1.5, 8.5, 2], "texture": "#0"}
			}
		},
		{
			"from": [7.5, 0.22911, 17.22508],
			"to": [8.5, 0.72911, 19.22508],
			"rotation": {"angle": 22.5, "axis": "x", "origin": [8, 0.67911, 17.82508]},
			"faces": {
				"north": {"uv": [6.5, 3, 7, 3.25], "texture": "#0"},
				"east": {"uv": [6.5, 3, 7, 3.25], "texture": "#0"},
				"south": {"uv": [6.5, 3, 7, 3.25], "texture": "#0"},
				"west": {"uv": [6.5, 3, 7, 3.25], "texture": "#0"},
				"up": {"uv": [6.5, 3, 7, 3.25], "texture": "#0"},
				"down": {"uv": [6.5, 3, 7, 3.25], "texture": "#0"}
			}
		},
		{
			"from": [6.75, 2.18819, 7.43017],
			"to": [9.25, 6.18819, 20.43017],
			"rotation": {"angle": 0, "axis": "y", "origin": [7.85963, 3.84468, 10.46522]},
			"faces": {
				"north": {"uv": [9.5, 5, 10.5, 7], "rotation": 180, "texture": "#0"},
				"east": {"uv": [0.5, 7.5, 7, 9.5], "texture": "#0"},
				"south": {"uv": [9.5, 5, 10.5, 7], "texture": "#0"},
				"west": {"uv": [0.5, 5.5, 7, 7.5], "texture": "#0"},
				"up": {"uv": [7, 7, 13.5, 8], "rotation": 90, "texture": "#0"},
				"down": {"uv": [13.5, 7, 7, 8], "rotation": 90, "texture": "#0"}
			}
		},
		{
			"from": [7.25, 6.18819, 18.43017],
			"to": [7.75, 7.18819, 19.93017],
			"rotation": {"angle": 0, "axis": "y", "origin": [7.85963, 3.84468, 10.46522]},
			"faces": {
				"north": {"uv": [8.5, 1.5, 9, 2], "rotation": 270, "texture": "#0"},
				"east": {"uv": [8.5, 1.5, 9, 2], "rotation": 270, "texture": "#0"},
				"south": {"uv": [14, 3.5, 13.5, 3], "rotation": 90, "texture": "#0"},
				"west": {"uv": [8.5, 1.5, 9, 2], "rotation": 270, "texture": "#0"},
				"up": {"uv": [8.5, 1.5, 9, 2], "rotation": 270, "texture": "#0"},
				"down": {"uv": [8.5, 1.5, 9, 2], "rotation": 270, "texture": "#0"}
			}
		},
		{
			"from": [8.25, 6.18819, 18.43017],
			"to": [8.75, 7.18819, 19.93017],
			"rotation": {"angle": 0, "axis": "y", "origin": [7.85963, 3.84468, 10.46522]},
			"faces": {
				"north": {"uv": [8.5, 1.5, 9, 2], "rotation": 270, "texture": "#0"},
				"east": {"uv": [8.5, 1.5, 9, 2], "rotation": 270, "texture": "#0"},
				"south": {"uv": [14, 3.5, 13.5, 3], "rotation": 90, "texture": "#0"},
				"west": {"uv": [8.5, 1.5, 9, 2], "rotation": 270, "texture": "#0"},
				"up": {"uv": [8.5, 1.5, 9, 2], "rotation": 270, "texture": "#0"},
				"down": {"uv": [8.5, 1.5, 9, 2], "rotation": 270, "texture": "#0"}
			}
		},
		{
			"from": [7, 9.55681, 17.17862],
			"to": [9, 10.05681, 17.67862],
			"rotation": {"angle": 22.5, "axis": "x", "origin": [7.85963, 3.84468, 10.46522]},
			"faces": {
				"north": {"uv": [12, 4, 12.25, 4.25], "rotation": 270, "texture": "#0"},
				"east": {"uv": [12, 4, 12.25, 4.25], "rotation": 270, "texture": "#0"},
				"south": {"uv": [12, 4, 12.25, 4.25], "rotation": 270, "texture": "#0"},
				"west": {"uv": [12, 4, 12.25, 4.25], "rotation": 270, "texture": "#0"},
				"up": {"uv": [12, 4, 12.25, 4.25], "rotation": 270, "texture": "#0"},
				"down": {"uv": [12, 4, 12.25, 4.25], "rotation": 270, "texture": "#0"}
			}
		},
		{
			"from": [7.5, 2.65309, 17.50875],
			"to": [8.5, 3.65309, 19.00875],
			"rotation": {"angle": -22.5, "axis": "x", "origin": [7.85963, 3.84468, 10.46522]},
			"faces": {
				"north": {"uv": [7, 6, 7.5, 6.5], "rotation": 270, "texture": "#0"},
				"east": {"uv": [7, 6, 7.5, 6.5], "rotation": 270, "texture": "#0"},
				"south": {"uv": [7, 6, 7.5, 6.5], "rotation": 270, "texture": "#0"},
				"west": {"uv": [7, 6, 7.5, 6.5], "rotation": 270, "texture": "#0"},
				"up": {"uv": [7, 6, 7.5, 6.5], "rotation": 270, "texture": "#0"},
				"down": {"uv": [7, 6, 7.5, 6.5], "rotation": 270, "texture": "#0"}
			}
		},
		{
			"from": [9.05, 2.88819, 8.43017],
			"to": [9.55, 5.88819, 9.43017],
			"rotation": {"angle": 0, "axis": "y", "origin": [7.65963, 3.54468, 10.46522]},
			"faces": {
				"north": {"uv": [5, 9.5, 5.5, 11], "texture": "#0"},
				"east": {"uv": [5, 9.5, 5.5, 11], "texture": "#0"},
				"south": {"uv": [5, 9.5, 5.5, 11], "texture": "#0"},
				"west": {"uv": [0, 0, 1.5, 0.5], "rotation": 270, "texture": "#missing"},
				"up": {"uv": [0, 0, 0.25, 0.5], "texture": "#missing"},
				"down": {"uv": [5, 10, 5.25, 10.5], "texture": "#0"}
			}
		},
		{
			"from": [8.87231, 5.75447, 11.43017],
			"to": [9.37231, 6.75447, 12.43017],
			"rotation": {"angle": 22.5, "axis": "z", "origin": [9.12231, 6.25447, 10.43017]},
			"faces": {
				"north": {"uv": [5, 10, 5.5, 10.5], "texture": "#0"},
				"east": {"uv": [5, 10, 5.5, 10.5], "texture": "#0"},
				"south": {"uv": [5, 10, 5.5, 10.5], "texture": "#0"},
				"west": {"uv": [5, 10, 5.5, 10.5], "texture": "#0"},
				"up": {"uv": [5, 10, 5.5, 10.5], "texture": "#0"},
				"down": {"uv": [5, 10, 5.5, 10.5], "texture": "#0"}
			}
		},
		{
			"from": [7.13268, 6.31207, 5.43017],
			"to": [9.13268, 6.81207, 14.43017],
			"rotation": {"angle": 0, "axis": "y", "origin": [8.35963, 3.54468, 10.46522]},
			"faces": {
				"north": {"uv": [0.5, 10.5, 1.5, 10.75], "texture": "#0"},
				"east": {"uv": [0.5, 10.5, 5, 10.75], "texture": "#0"},
				"south": {"uv": [0.5, 10.5, 1.5, 10.75], "texture": "#0"},
				"west": {"uv": [0.5, 10.5, 5, 10.75], "texture": "#0"},
				"up": {"uv": [0.5, 9.5, 5, 10.5], "rotation": 90, "texture": "#0"},
				"down": {"uv": [0.5, 9.5, 5, 10.5], "rotation": 90, "texture": "#0"}
			}
		},
		{
			"from": [8.87231, 5.75447, 8.43017],
			"to": [9.37231, 6.75447, 9.43017],
			"rotation": {"angle": 22.5, "axis": "z", "origin": [9.12231, 6.25447, 10.43017]},
			"faces": {
				"north": {"uv": [5, 10, 5.5, 10.5], "texture": "#0"},
				"east": {"uv": [5, 10, 5.5, 10.5], "texture": "#0"},
				"south": {"uv": [5, 10, 5.5, 10.5], "texture": "#0"},
				"west": {"uv": [5, 10, 5.5, 10.5], "texture": "#0"},
				"up": {"uv": [5, 10, 5.5, 10.5], "texture": "#0"},
				"down": {"uv": [5, 10, 5.5, 10.5], "texture": "#0"}
			}
		},
		{
			"from": [9.05, 2.88819, 11.43017],
			"to": [9.55, 5.88819, 12.43017],
			"rotation": {"angle": 0, "axis": "y", "origin": [7.65963, 3.54468, 10.46522]},
			"faces": {
				"north": {"uv": [5, 9.5, 5.5, 11], "texture": "#0"},
				"east": {"uv": [5, 9.5, 5.5, 11], "texture": "#0"},
				"south": {"uv": [5, 9.5, 5.5, 11], "texture": "#0"},
				"west": {"uv": [0, 0, 1.5, 0.5], "rotation": 270, "texture": "#missing"},
				"up": {"uv": [0, 0, 0.25, 0.5], "texture": "#missing"},
				"down": {"uv": [5, 10, 5.25, 10.5], "texture": "#0"}
			}
		},
		{
			"from": [7, 4.18819, 20.43017],
			"to": [9, 6.18819, 22.43017],
			"rotation": {"angle": 0, "axis": "y", "origin": [7.85963, 3.84468, 10.46522]},
			"faces": {
				"north": {"uv": [0, 0, 1, 1], "rotation": 180, "texture": "#missing"},
				"east": {"uv": [7, 8.5, 8, 9.5], "rotation": 270, "texture": "#0"},
				"south": {"uv": [7, 8.5, 8, 9.5], "rotation": 270, "texture": "#0"},
				"west": {"uv": [7, 8.5, 8, 9.5], "rotation": 270, "texture": "#0"},
				"up": {"uv": [8, 8.5, 9, 9.5], "texture": "#0"},
				"down": {"uv": [0, 0, 1, 1], "rotation": 180, "texture": "#missing"}
			}
		},
		{
			"from": [7.25, 4.43819, -16],
			"to": [8.75, 5.93819, 7.43017],
			"rotation": {"angle": 0, "axis": "y", "origin": [7.85963, 3.84468, 10.46522]},
			"faces": {
				"north": {"uv": [12.5, 0.5, 14.5, 2.5], "rotation": 180, "texture": "#0"},
				"east": {"uv": [0.5, 0.5, 12, 1], "texture": "#0"},
				"south": {"uv": [0, 0, 0.75, 0.75], "texture": "#missing"},
				"west": {"uv": [0.5, 0.5, 12, 1], "texture": "#0"},
				"up": {"uv": [0.5, 0.5, 12, 1], "rotation": 90, "texture": "#0"},
				"down": {"uv": [0.5, 0.5, 12, 1], "rotation": 90, "texture": "#0"}
			}
		},
		{
			"from": [7, 4.18819, -15],
			"to": [9, 6.18819, -14],
			"rotation": {"angle": 0, "axis": "y", "origin": [7.85963, 3.84468, 10.46522]},
			"faces": {
				"north": {"uv": [7.5, 1.5, 8, 2], "rotation": 270, "texture": "#0"},
				"east": {"uv": [7.5, 1.5, 8, 2], "rotation": 270, "texture": "#0"},
				"south": {"uv": [7.5, 1.5, 8, 2], "rotation": 270, "texture": "#0"},
				"west": {"uv": [7.5, 1.5, 8, 2], "rotation": 270, "texture": "#0"},
				"up": {"uv": [7.5, 1.5, 8, 2], "rotation": 270, "texture": "#0"},
				"down": {"uv": [7.5, 1.5, 8, 2], "rotation": 270, "texture": "#0"}
			}
		},
		{
			"from": [7.25, 2.43819, -13],
			"to": [8.75, 3.93819, 7.43017],
			"rotation": {"angle": 0, "axis": "y", "origin": [7.85963, 3.84468, 10.46522]},
			"faces": {
				"north": {"uv": [0.5, 2, 1, 2.5], "texture": "#0"},
				"east": {"uv": [10.5, 2.25, 0.5, 2.75], "texture": "#0"},
				"south": {"uv": [0, 0, 0.75, 0.75], "texture": "#missing"},
				"west": {"uv": [0.5, 2, 10.5, 2.5], "texture": "#0"},
				"up": {"uv": [0.5, 2.25, 10.5, 2.75], "rotation": 90, "texture": "#0"},
				"down": {"uv": [0.5, 2.25, 10.5, 2.75], "rotation": 90, "texture": "#0"}
			}
		},
		{
			"from": [7.5, 3.93819, -12.1],
			"to": [8.5, 4.43819, -10.66983],
			"rotation": {"angle": 0, "axis": "y", "origin": [7.85963, 3.84468, 10.86522]},
			"faces": {
				"north": {"uv": [8, 1.5, 8.5, 2], "rotation": 270, "texture": "#0"},
				"east": {"uv": [8, 1.5, 8.5, 2], "rotation": 270, "texture": "#0"},
				"south": {"uv": [8, 1.5, 8.5, 2], "rotation": 270, "texture": "#0"},
				"west": {"uv": [8, 1.5, 8.5, 2], "rotation": 270, "texture": "#0"},
				"up": {"uv": [8, 1.5, 8.5, 2], "rotation": 270, "texture": "#0"},
				"down": {"uv": [8, 1.5, 8.5, 2], "rotation": 270, "texture": "#0"}
			}
		},
		{
			"from": [7.85, 5.93819, -13.25],
			"to": [8.15, 6.68819, -12.31983],
			"rotation": {"angle": 0, "axis": "y", "origin": [7.85963, 3.84468, 10.46522]},
			"faces": {
				"north": {"uv": [9.5, 2, 9, 1.5], "rotation": 90, "texture": "#0"},
				"east": {"uv": [9.5, 2, 9, 1.5], "rotation": 90, "texture": "#0"},
				"south": {"uv": [14, 3.5, 13.5, 3], "rotation": 90, "texture": "#0"},
				"west": {"uv": [9.5, 2, 9, 1.5], "rotation": 90, "texture": "#0"},
				"up": {"uv": [9.5, 2, 9, 1.5], "rotation": 90, "texture": "#0"},
				"down": {"uv": [9.5, 2, 9, 1.5], "rotation": 90, "texture": "#0"}
			}
		},
		{
			"from": [7, 1.4, -5],
			"to": [9, 4.4, 5],
			"rotation": {"angle": 0, "axis": "y", "origin": [8, 2.80955, -8.7663]},
			"faces": {
				"north": {"uv": [5.5, 3, 6.5, 4.5], "texture": "#0"},
				"east": {"uv": [0.5, 3, 5.5, 4.5], "texture": "#0"},
				"south": {"uv": [6.5, 3, 5.5, 4.5], "texture": "#0"},
				"west": {"uv": [0.5, 3, 5.5, 4.5], "texture": "#0"},
				"up": {"uv": [0.5, 4.5, 5.5, 5.5], "rotation": 90, "texture": "#0"},
				"down": {"uv": [5.5, 3.5, 0.5, 4.5], "rotation": 90, "texture": "#0"}
			}
		},
		{
			"from": [4.65, 4.18819, 8.93017],
			"to": [9.15, 5.18819, 9.93017],
			"rotation": {"angle": 45, "axis": "x", "origin": [6.9, 4.68819, 9.43017]},
			"faces": {
				"north": {"uv": [9.25, 6.5, 7, 7], "texture": "#0"},
				"east": {"uv": [7, 6.5, 7.5, 7], "rotation": 270, "texture": "#0"},
				"south": {"uv": [7, 6.5, 9.25, 7], "texture": "#0"},
				"west": {"uv": [8, 6.5, 8.5, 7], "rotation": 270, "texture": "#0"},
				"up": {"uv": [7, 6.5, 9.25, 7], "texture": "#0"},
				"down": {"uv": [7, 6.5, 9.25, 7], "texture": "#0"}
			}
		},
		{
			"from": [6.45, 3.78819, 8.43017],
			"to": [7.45, 5.53819, 13.43017],
			"rotation": {"angle": 0, "axis": "y", "origin": [6.55963, 3.94468, 10.96522]},
			"faces": {
				"north": {"uv": [7, 6, 7.5, 6.5], "texture": "#0"},
				"east": {"uv": [0, 0, 0.875, 3], "rotation": 90, "texture": "#missing"},
				"south": {"uv": [7, 6, 7.5, 6.5], "texture": "#0"},
				"west": {"uv": [7, 6, 9.5, 6.5], "texture": "#0"},
				"up": {"uv": [7, 6, 9.5, 6.5], "rotation": 90, "texture": "#0"},
				"down": {"uv": [7, 6, 9.5, 6.5], "rotation": 90, "texture": "#0"}
			}
		}
	],
	"display": {
		"thirdperson_righthand": {
			"translation": [0, 3.25, -6],
			"scale": [0, 0, 0]
		},
		"thirdperson_lefthand": {
			"translation": [0, 3.25, -6],
			"scale": [0, 0, 0]
		},
		"firstperson_righthand": {
			"translation": [0, 5, -12.25],
			"scale": [0, 0, 0]
		},
		"firstperson_lefthand": {
			"translation": [0, 5, -12.25],
			"scale": [0, 0, 0]
		},
		"ground": {
			"translation": [0, 10, 0],
			"scale": [0.7, 0.7, 0.7]
		},
		"gui": {
			"rotation": [14, 27, 0],
			"translation": [1, 2.75, 0],
			"scale": [0.7, 0.7, 0.7]
		}
	}
}