{
	"credit": "By NZ in Blockbench",
	"texture_size": [32, 32],
	"textures": {
		"0": "modularwarfare:items/guns/charlie",
		"particle": "modularwarfare:items/guns/charlie"
	},
	"elements": [
		{
			"from": [7.25, -0.5, 14.5],
			"to": [8.75, 6.5, 17],
			"rotation": {"angle": -22.5, "axis": "x", "origin": [8, -2.41667, 12.75]},
			"faces": {
				"north": {"uv": [14, 3, 14.5, 6.5], "texture": "#0"},
				"east": {"uv": [15, 3, 14, 6.5], "texture": "#0"},
				"south": {"uv": [14, 3, 14.5, 6.5], "texture": "#0"},
				"west": {"uv": [14, 3, 15, 6.5], "texture": "#0"},
				"up": {"uv": [13, 6, 13.5, 6.5], "texture": "#0"},
				"down": {"uv": [14.5, 0, 15.25, 1.25], "texture": "#missing"}
			}
		},
		{
			"from": [8.075, 6.5, 14.75],
			"to": [8.575, 7, 16.75],
			"rotation": {"angle": -22.5, "axis": "x", "origin": [8, -2.41667, 12.75]},
			"faces": {
				"north": {"uv": [13, 7.5, 13.25, 7.75], "texture": "#0"},
				"east": {"uv": [13, 7.5, 13.25, 9], "rotation": 90, "texture": "#0"},
				"south": {"uv": [13, 8.5, 13.25, 8.75], "texture": "#0"},
				"west": {"uv": [13, 9, 13.25, 7.5], "rotation": 90, "texture": "#0"},
				"up": {"uv": [13, 7.5, 13.25, 9], "texture": "#0"},
				"down": {"uv": [9.5, 0, 9.75, 1], "texture": "#missing"}
			}
		},
		{
			"from": [7.425, 6.25, 14.75],
			"to": [7.925, 6.75, 16.75],
			"rotation": {"angle": -22.5, "axis": "x", "origin": [8, -2.41667, 12.75]},
			"faces": {
				"north": {"uv": [13, 7.5, 13.25, 7.75], "texture": "#0"},
				"east": {"uv": [13, 7.5, 13.25, 9], "rotation": 90, "texture": "#0"},
				"south": {"uv": [13, 8.5, 13.25, 8.75], "texture": "#0"},
				"west": {"uv": [13, 9, 13.25, 7.5], "rotation": 90, "texture": "#0"},
				"up": {"uv": [13, 7.5, 13.25, 9], "texture": "#0"},
				"down": {"uv": [9.5, 0, 9.75, 1], "texture": "#missing"}
			}
		},
		{
			"from": [7, 2.37848, 7.74375],
			"to": [9, 3.37848, 10.74375],
			"rotation": {"angle": -22.5, "axis": "x", "origin": [16.5, 15.37848, 17.44375]},
			"faces": {
				"north": {"uv": [11, 7, 12, 7.5], "texture": "#0"},
				"east": {"uv": [11, 6.5, 12.5, 7], "texture": "#0"},
				"south": {"uv": [11, 7, 12, 7.5], "texture": "#0"},
				"west": {"uv": [11, 6.5, 12.5, 7], "texture": "#0"},
				"up": {"uv": [11, 7.5, 12, 9], "texture": "#0"},
				"down": {"uv": [11, 7.5, 12, 9], "texture": "#0"}
			}
		}
	],
	"display": {
		"thirdperson_righthand": {
			"rotation": [54, 0, 0],
			"translation": [-1.25, 4.25, 0.25],
			"scale": [0.5, 0.5, 0.5]
		},
		"thirdperson_lefthand": {
			"rotation": [54, 0, 0],
			"translation": [-1.25, 3.75, 0],
			"scale": [0.5, 0.5, 0.5]
		},
		"firstperson_righthand": {
			"rotation": [21, 0, 16],
			"translation": [5.75, 5.75, -7]
		},
		"ground": {
			"rotation": [23, 0, 0],
			"translation": [0, 4.5, 0],
			"scale": [0.5, 0.5, 0.5]
		},
		"gui": {
			"rotation": [55, 25, -30],
			"translation": [0, 11.25, 0],
			"scale": [1.6, 1.6, 1.6]
		}
	}
}