{
	"credit": "By NZ in Blockbench",
	"texture_size": [32, 32],
	"textures": {
		"0": "modularwarfare:items/guns/charlie",
		"particle": "modularwarfare:items/guns/charlie"
	},
	"elements": [
		{
			"from": [7.25, 3.5, 7.6],
			"to": [8.75, 4, 11.6],
			"rotation": {"angle": 0, "axis": "y", "origin": [17, 8.5, 17.5]},
			"faces": {
				"north": {"uv": [11, 2.5, 11.5, 3], "texture": "#0"},
				"east": {"uv": [13, 1.5, 11, 1.75], "texture": "#0"},
				"south": {"uv": [3, 4, 3.75, 4.25], "texture": "#missing"},
				"west": {"uv": [11, 1.5, 13, 1.75], "texture": "#0"},
				"up": {"uv": [11, 2, 13, 2.5], "rotation": 90, "texture": "#0"},
				"down": {"uv": [11, 2, 13, 2.5], "rotation": 90, "texture": "#0"}
			}
		},
		{
			"from": [7.5, 5.9082, 9.60684],
			"to": [8.5, 7.4082, 10.35684],
			"rotation": {"angle": -22.5, "axis": "x", "origin": [17, -0.5918, 14.60684]},
			"faces": {
				"north": {"uv": [13.5, 2, 14, 2.5], "texture": "#0"},
				"east": {"uv": [13.5, 2, 14, 2.5], "texture": "#0"},
				"south": {"uv": [13.5, 2, 14, 2.5], "texture": "#0"},
				"west": {"uv": [13.5, 2, 14, 2.5], "texture": "#0"},
				"up": {"uv": [13.5, 2, 14, 2.5], "texture": "#0"},
				"down": {"uv": [13.5, 2, 14, 2.5], "texture": "#0"}
			}
		},
		{
			"from": [7.25, 1.61188, 7.25051],
			"to": [8.75, 3.36188, 8.75051],
			"rotation": {"angle": 22.5, "axis": "x", "origin": [17, 6.61188, 15.25051]},
			"faces": {
				"north": {"uv": [11.5, 2.5, 12.5, 3.5], "texture": "#0"},
				"east": {"uv": [11.5, 2.5, 12.5, 3.5], "texture": "#0"},
				"south": {"uv": [11.5, 2.5, 12.5, 3.5], "texture": "#0"},
				"west": {"uv": [11.5, 2.5, 12.5, 3.5], "texture": "#0"},
				"up": {"uv": [3, 4, 3.75, 4.75], "texture": "#missing"},
				"down": {"uv": [12.5, 2.5, 13.5, 3.5], "texture": "#0"}
			}
		},
		{
			"from": [7.75, 4.39167, 9.26187],
			"to": [8.25, 6.14167, 10.01187],
			"rotation": {"angle": -22.5, "axis": "x", "origin": [8, 5.26667, 9.51187]},
			"faces": {
				"north": {"uv": [13, 1.5, 13.5, 2], "texture": "#0"},
				"east": {"uv": [13, 1.5, 13.5, 2], "texture": "#0"},
				"south": {"uv": [13, 1.5, 13.5, 2], "texture": "#0"},
				"west": {"uv": [13, 1.5, 13.5, 2], "texture": "#0"},
				"up": {"uv": [13, 1.5, 13.5, 2], "texture": "#0"},
				"down": {"uv": [13, 1.5, 13.5, 2], "texture": "#0"}
			}
		},
		{
			"from": [6.75, 3.37848, 7.44375],
			"to": [9.25, 11.37848, 10.94375],
			"rotation": {"angle": -22.5, "axis": "x", "origin": [16.5, 15.37848, 17.44375]},
			"faces": {
				"north": {"uv": [4.5, 9, 8.5, 10], "rotation": 90, "texture": "#0"},
				"east": {"uv": [4.5, 8.25, 8.5, 6.5], "rotation": 90, "texture": "#0"},
				"south": {"uv": [4.5, 10, 8.5, 11], "rotation": 90, "texture": "#0"},
				"west": {"uv": [4.5, 6.5, 8.5, 8.25], "rotation": 90, "texture": "#0"},
				"up": {"uv": [3, 4.5, 4.25, 6.25], "texture": "#0"},
				"down": {"uv": [0, 7, 1.25, 8.75], "texture": "#missing"}
			}
		},
		{
			"from": [6.5, 5.93225, 4.86837],
			"to": [9.5, 7.93225, 10.86837],
			"rotation": {"angle": 0, "axis": "y", "origin": [16.5, 13.93225, 17.86837]},
			"faces": {
				"north": {"uv": [5, 3, 6.5, 4], "texture": "#0"},
				"east": {"uv": [4.5, 4, 7.5, 5], "texture": "#0"},
				"south": {"uv": [5, 3, 6.5, 4], "texture": "#0"},
				"west": {"uv": [4.5, 4, 7.5, 5], "texture": "#0"},
				"up": {"uv": [4.5, 5, 7.5, 6.5], "rotation": 90, "texture": "#0"},
				"down": {"uv": [7.5, 5, 4.5, 6.5], "rotation": 90, "texture": "#0"}
			}
		},
		{
			"from": [7.25, 6.43225, -0.13163],
			"to": [8.75, 7.43225, 4.86837],
			"rotation": {"angle": 0, "axis": "y", "origin": [16.5, 14.43225, 11.86837]},
			"faces": {
				"north": {"uv": [5.5, 3, 6, 3.5], "texture": "#0"},
				"east": {"uv": [0.5, 2, 3, 2.5], "texture": "#0"},
				"south": {"uv": [0, 0, 0.75, 0.5], "texture": "#missing"},
				"west": {"uv": [0.5, 2, 3, 2.5], "texture": "#0"},
				"up": {"uv": [0, 4, 0.75, 6.5], "texture": "#missing"},
				"down": {"uv": [0.5, 2.5, 3, 3], "rotation": 90, "texture": "#0"}
			}
		},
		{
			"from": [7.5, 8.68225, 13.86837],
			"to": [8.5, 9.68225, 14.86837],
			"rotation": {"angle": -22.5, "axis": "x", "origin": [8, 8.68225, 15.11837]},
			"faces": {
				"north": {"uv": [2.5, 4, 3, 4.5], "texture": "#0"},
				"east": {"uv": [2.5, 4, 3, 4.5], "texture": "#0"},
				"south": {"uv": [2.5, 4, 3, 4.5], "texture": "#0"},
				"west": {"uv": [2.5, 4, 3, 4.5], "texture": "#0"},
				"up": {"uv": [2.5, 4, 3, 4.5], "texture": "#0"},
				"down": {"uv": [2.5, 4, 3, 4.5], "texture": "#0"}
			}
		},
		{
			"from": [7.25, 7.93225, -1.63163],
			"to": [8.75, 9.43225, 2.36837],
			"rotation": {"angle": 0, "axis": "y", "origin": [16.5, 15.93225, 11.36837]},
			"faces": {
				"north": {"uv": [3, 2, 3.5, 2.5], "texture": "#0"},
				"east": {"uv": [3, 2, 3.5, 2.5], "texture": "#0"},
				"south": {"uv": [3, 2, 3.5, 2.5], "texture": "#0"},
				"west": {"uv": [3, 2, 3.5, 2.5], "texture": "#0"},
				"up": {"uv": [3.5, 2, 4, 2.5], "texture": "#0"},
				"down": {"uv": [3.5, 2, 4, 2.5], "texture": "#0"}
			}
		},
		{
			"from": [7, 7.68225, -12.63163],
			"to": [9, 9.68225, -1.63163],
			"rotation": {"angle": 0, "axis": "y", "origin": [16.5, 15.93225, 11.36837]},
			"faces": {
				"north": {"uv": [9, 6.5, 10.5, 8], "texture": "#0"},
				"east": {"uv": [8, 4, 13.5, 5], "texture": "#0"},
				"south": {"uv": [9, 6.5, 10.5, 8], "texture": "#0"},
				"west": {"uv": [8, 4, 13.5, 5], "texture": "#0"},
				"up": {"uv": [8, 5, 13.5, 6], "rotation": 90, "texture": "#0"},
				"down": {"uv": [8, 5, 13.5, 6], "rotation": 90, "texture": "#0"}
			}
		},
		{
			"from": [7, 7.43225, -0.63163],
			"to": [9, 9.93225, 14.36837],
			"rotation": {"angle": 0, "axis": "y", "origin": [16.5, 15.93225, 11.86837]},
			"faces": {
				"north": {"uv": [7.5, 1, 8.5, 2], "texture": "#0"},
				"east": {"uv": [7.5, 0, 0, 1], "texture": "#0"},
				"south": {"uv": [8.5, 1, 9.5, 2], "texture": "#0"},
				"west": {"uv": [0, 0, 7.5, 1], "texture": "#0"},
				"up": {"uv": [7.5, 0, 15, 1], "rotation": 90, "texture": "#0"},
				"down": {"uv": [0, 1, 7.5, 2], "rotation": 90, "texture": "#0"}
			}
		},
		{
			"from": [7.75, 9.93225, -0.38163],
			"to": [8.25, 10.43225, 1.11837],
			"rotation": {"angle": 0, "axis": "y", "origin": [16.5, 16.68225, 12.11837]},
			"faces": {
				"north": {"uv": [2.5, 4, 3, 4.5], "texture": "#0"},
				"east": {"uv": [2.5, 4, 3, 4.5], "texture": "#0"},
				"south": {"uv": [1.5, 4, 2, 4.5], "texture": "#0"},
				"west": {"uv": [2.5, 4, 3, 4.5], "texture": "#0"},
				"up": {"uv": [2.5, 4, 3, 4.5], "texture": "#0"},
				"down": {"uv": [2.5, 4, 3, 4.5], "texture": "#0"}
			}
		},
		{
			"from": [7.25, 9.18225, 11.36837],
			"to": [7.75, 10.18225, 12.86837],
			"rotation": {"angle": -22.5, "axis": "x", "origin": [8, 10.08225, 12.11837]},
			"faces": {
				"north": {"uv": [2.5, 4, 3, 4.5], "texture": "#0"},
				"east": {"uv": [2.5, 4, 3, 4.5], "texture": "#0"},
				"south": {"uv": [1.5, 4, 2, 4.5], "texture": "#0"},
				"west": {"uv": [2.5, 4, 3, 4.5], "texture": "#0"},
				"up": {"uv": [2.5, 4, 3, 4.5], "texture": "#0"},
				"down": {"uv": [2.5, 4, 3, 4.5], "texture": "#0"}
			}
		},
		{
			"from": [8.25, 9.18225, 11.36837],
			"to": [8.75, 10.18225, 12.86837],
			"rotation": {"angle": -22.5, "axis": "x", "origin": [8, 10.08225, 12.11837]},
			"faces": {
				"north": {"uv": [2.5, 4, 3, 4.5], "texture": "#0"},
				"east": {"uv": [2.5, 4, 3, 4.5], "texture": "#0"},
				"south": {"uv": [1.5, 4, 2, 4.5], "texture": "#0"},
				"west": {"uv": [2.5, 4, 3, 4.5], "texture": "#0"},
				"up": {"uv": [2.5, 4, 3, 4.5], "texture": "#0"},
				"down": {"uv": [2.5, 4, 3, 4.5], "texture": "#0"}
			}
		},
		{
			"from": [7.25, 9.93225, 2.36837],
			"to": [8.75, 10.18225, 7.36837],
			"rotation": {"angle": 0, "axis": "y", "origin": [16.5, 17.68225, 9.86837]},
			"faces": {
				"north": {"uv": [9.5, 1, 10.25, 1.125], "texture": "#0"},
				"east": {"uv": [9.5, 1, 9.625, 3.5], "rotation": 90, "texture": "#0"},
				"south": {"uv": [9.5, 1, 10.25, 1.125], "texture": "#0"},
				"west": {"uv": [9.5, 1, 9.625, 3.5], "rotation": 90, "texture": "#0"},
				"up": {"uv": [9.5, 1, 10.25, 3.5], "texture": "#0"}
			}
		},
		{
			"from": [7.25, -0.5, 14.5],
			"to": [8.75, 6.5, 17],
			"rotation": {"angle": -22.5, "axis": "x", "origin": [8, -2.41667, 12.75]},
			"faces": {
				"north": {"uv": [14, 3, 14.5, 6.5], "texture": "#0"},
				"east": {"uv": [15, 3, 14, 6.5], "texture": "#0"},
				"south": {"uv": [14, 3, 14.5, 6.5], "texture": "#0"},
				"west": {"uv": [14, 3, 15, 6.5], "texture": "#0"},
				"up": {"uv": [13, 6, 13.5, 6.5], "texture": "#0"},
				"down": {"uv": [14.5, 0, 15.25, 1.25], "texture": "#missing"}
			}
		},
		{
			"from": [8.075, 6.5, 14.75],
			"to": [8.575, 7, 16.75],
			"rotation": {"angle": -22.5, "axis": "x", "origin": [8, -2.41667, 12.75]},
			"faces": {
				"north": {"uv": [13, 7.5, 13.25, 7.75], "texture": "#0"},
				"east": {"uv": [13, 7.5, 13.25, 9], "rotation": 90, "texture": "#0"},
				"south": {"uv": [13, 8.5, 13.25, 8.75], "texture": "#0"},
				"west": {"uv": [13, 9, 13.25, 7.5], "rotation": 90, "texture": "#0"},
				"up": {"uv": [13, 7.5, 13.25, 9], "texture": "#0"},
				"down": {"uv": [9.5, 0, 9.75, 1], "texture": "#missing"}
			}
		},
		{
			"from": [7.425, 6.25, 14.75],
			"to": [7.925, 6.75, 16.75],
			"rotation": {"angle": -22.5, "axis": "x", "origin": [8, -2.41667, 12.75]},
			"faces": {
				"north": {"uv": [13, 7.5, 13.25, 7.75], "texture": "#0"},
				"east": {"uv": [13, 7.5, 13.25, 9], "rotation": 90, "texture": "#0"},
				"south": {"uv": [13, 8.5, 13.25, 8.75], "texture": "#0"},
				"west": {"uv": [13, 9, 13.25, 7.5], "rotation": 90, "texture": "#0"},
				"up": {"uv": [13, 7.5, 13.25, 9], "texture": "#0"},
				"down": {"uv": [9.5, 0, 9.75, 1], "texture": "#missing"}
			}
		},
		{
			"from": [6.55, 2.37848, 7.14375],
			"to": [9.55, 3.37848, 11.14375],
			"rotation": {"angle": -22.5, "axis": "x", "origin": [16.5, 15.37848, 17.44375]},
			"faces": {
				"north": {"uv": [11, 7, 12.5, 7.5], "texture": "#0"},
				"east": {"uv": [11, 6.5, 13, 7], "texture": "#0"},
				"south": {"uv": [11, 7, 12.5, 7.5], "texture": "#0"},
				"west": {"uv": [11, 6.5, 13, 7], "texture": "#0"},
				"up": {"uv": [11, 7.5, 12.5, 9.5], "texture": "#0"},
				"down": {"uv": [11, 7.5, 12.5, 9.5], "texture": "#0"}
			}
		}
	],
	"display": {
		"thirdperson_righthand": {
			"translation": [0, 1, -1.25],
			"scale": [0, 0, 0]
		},
		"thirdperson_lefthand": {
			"translation": [0, 1, -1.25],
			"scale": [0, 0, 0]
		},
		"firstperson_righthand": {
			"scale": [0, 0, 0]
		},
		"firstperson_lefthand": {
			"scale": [0, 0, 0]
		},
		"ground": {
			"translation": [0, 3, 0],
			"scale": [0.4, 0.4, 0.4]
		},
		"gui": {
			"rotation": [18, 37, 0],
			"translation": [2.25, 0, 0],
			"scale": [0.7, 0.7, 0.7]
		}
	}
}