{
	"credit": "By NZ in Blockbench",
	"texture_size": [32, 32],
	"textures": {
		"0": "modularwarfare:items/guns/dexter",
		"particle": "modularwarfare:items/guns/dexter"
	},
	"elements": [
		{
			"from": [7.25, 2, 6.25],
			"to": [8.75, 11.5, 8.1],
			"rotation": {"angle": -22.5, "axis": "x", "origin": [8, 7.5, 12.5]},
			"faces": {
				"north": {"uv": [2, 4.5, 2.925, 9.25], "texture": "#0"},
				"east": {"uv": [2, 4.5, 2.925, 9.25], "texture": "#0"},
				"south": {"uv": [2, 4.5, 2.925, 9.25], "texture": "#0"},
				"west": {"uv": [2, 4.5, 2.925, 9.25], "texture": "#0"},
				"up": {"uv": [1, 4.5, 1.5, 5], "texture": "#0"},
				"down": {"uv": [7.5, 8, 8, 8.5], "texture": "#0"}
			}
		},
		{
			"from": [7.65, 11.25, 6.5],
			"to": [8.4, 12, 7.85],
			"rotation": {"angle": -22.5, "axis": "x", "origin": [8, 7.5, 12.5]},
			"faces": {
				"north": {"uv": [3, 4.5, 3.375, 5.175], "texture": "#0"},
				"east": {"uv": [3, 4.5, 3.375, 5.175], "texture": "#0"},
				"south": {"uv": [3, 4.5, 3.375, 5.175], "texture": "#0"},
				"west": {"uv": [3, 4.5, 3.375, 5.175], "texture": "#0"},
				"up": {"uv": [3, 4.5, 3.375, 5.175], "texture": "#0"},
				"down": {"uv": [3, 4.5, 3.375, 5.175], "texture": "#0"}
			}
		}
	],
	"display": {
		"thirdperson_righthand": {
			"rotation": [40, 0, 0],
			"translation": [-1.25, 1.5, 1.75],
			"scale": [0.6, 0.6, 0.6]
		},
		"thirdperson_lefthand": {
			"rotation": [51, 0, 0],
			"translation": [-1.25, 2.25, 1.75],
			"scale": [0.6, 0.6, 0.6]
		},
		"firstperson_righthand": {
			"rotation": [15, 0, 9],
			"translation": [8.75, 1.25, -4.5]
		},
		"firstperson_lefthand": {
			"translation": [8, 2, -4.5]
		},
		"ground": {
			"translation": [0, 10, 0],
			"scale": [0.6, 0.6, 0.6]
		},
		"gui": {
			"rotation": [12, 44, 0],
			"translation": [0, 3.5, 0],
			"scale": [1.2, 1.2, 1.2]
		}
	}
}