{
	"credit": "By NZ in Blockbench",
	"texture_size": [32, 32],
	"textures": {
		"0": "modularwarfare:items/guns/dexter",
		"particle": "modularwarfare:items/guns/dexter"
	},
	"elements": [
		{
			"from": [7.025, 7, 11],
			"to": [8.975, 13, 13.5],
			"rotation": {"angle": -22.5, "axis": "x", "origin": [8, 7.5, 17.5]},
			"faces": {
				"north": {"uv": [0, 0, 2, 6], "texture": "#missing"},
				"east": {"uv": [9.75, 3, 8.5, 6], "texture": "#0"},
				"south": {"uv": [9, 7.5, 10, 10.5], "texture": "#0"},
				"west": {"uv": [8.5, 3, 9.75, 6], "texture": "#0"},
				"up": {"uv": [0, 0, 2, 2.5], "texture": "#missing"},
				"down": {"uv": [4.5, 8, 5, 9.5], "texture": "#0"}
			}
		},
		{
			"from": [7.25, 7, 16.5],
			"to": [8.75, 12.5, 18.5],
			"rotation": {"angle": -22.5, "axis": "x", "origin": [8, 7.5, 17.5]},
			"faces": {
				"north": {"uv": [6, 7.5, 7, 10.25], "texture": "#0"},
				"east": {"uv": [6, 7.5, 7, 10.25], "texture": "#0"},
				"south": {"uv": [11, 8, 11.75, 10.75], "texture": "#0"},
				"west": {"uv": [6, 7.5, 7, 10.25], "texture": "#0"},
				"up": {"uv": [0, 0, 1.5, 2], "texture": "#missing"},
				"down": {"uv": [6, 7.5, 6.75, 8.5], "texture": "#0"}
			}
		},
		{
			"from": [7, 7.75, 16.75],
			"to": [9, 12, 18.25],
			"rotation": {"angle": -22.5, "axis": "x", "origin": [8, 7.5, 17.5]},
			"faces": {
				"north": {"uv": [7, 7.5, 7.5, 9.625], "texture": "#0"},
				"east": {"uv": [7, 7.5, 7.5, 9.5], "texture": "#0"},
				"south": {"uv": [7, 8, 8, 10], "texture": "#0"},
				"west": {"uv": [7, 7.5, 7.5, 9.5], "texture": "#0"},
				"up": {"uv": [7, 7.5, 8, 8.25], "texture": "#0"},
				"down": {"uv": [7, 7.5, 7.5, 9.5], "texture": "#0"}
			}
		},
		{
			"from": [7.25, 7, 13.5],
			"to": [8.75, 7.5, 16.5],
			"rotation": {"angle": -22.5, "axis": "x", "origin": [8, 7.5, 17.5]},
			"faces": {
				"north": {"uv": [0, 0, 1.5, 0.5], "texture": "#missing"},
				"east": {"uv": [4.5, 7.5, 6, 7.75], "texture": "#0"},
				"south": {"uv": [0, 0, 1.5, 0.5], "texture": "#missing"},
				"west": {"uv": [4.5, 7.5, 6, 7.75], "texture": "#0"},
				"up": {"uv": [4.5, 8, 5, 9.5], "texture": "#0"},
				"down": {"uv": [4.5, 8, 5, 9.5], "texture": "#0"}
			}
		},
		{
			"from": [7.65, 9.75, 15.75],
			"to": [8.35, 10, 16.75],
			"rotation": {"angle": -22.5, "axis": "x", "origin": [8, 7, 17.75]},
			"faces": {
				"north": {"uv": [6, 6, 6.35, 6.125], "texture": "#0"},
				"east": {"uv": [6, 6, 6.5, 6.125], "texture": "#0"},
				"south": {"uv": [6, 6, 6.35, 6.125], "texture": "#0"},
				"west": {"uv": [6, 6, 6.5, 6.125], "texture": "#0"},
				"up": {"uv": [6, 6, 6.5, 6.35], "rotation": 90, "texture": "#0"},
				"down": {"uv": [6, 6, 6.5, 6.35], "rotation": 90, "texture": "#0"}
			}
		},
		{
			"from": [7.75, 10.25, 16],
			"to": [8.25, 11.5, 16.5],
			"rotation": {"angle": -22.5, "axis": "x", "origin": [8, 7.5, 17.5]},
			"faces": {
				"north": {"uv": [7.5, 6, 8, 6.5], "texture": "#0"},
				"east": {"uv": [7.5, 6, 8, 6.5], "texture": "#0"},
				"south": {"uv": [7.5, 6, 8, 6.5], "texture": "#0"},
				"west": {"uv": [7.5, 6, 8, 6.5], "texture": "#0"},
				"up": {"uv": [7.5, 6, 8, 6.5], "texture": "#0"},
				"down": {"uv": [7.5, 6, 8, 6.5], "texture": "#0"}
			}
		},
		{
			"from": [7.65, 8.7753, 12.34986],
			"to": [8.35, 9.0253, 14.84986],
			"rotation": {"angle": 0, "axis": "y", "origin": [8, 8.9003, 15.34986]},
			"faces": {
				"north": {"uv": [6, 6, 6.35, 6.125], "texture": "#0"},
				"east": {"uv": [6, 6, 7.25, 6.125], "texture": "#0"},
				"south": {"uv": [6, 6, 6.35, 6.125], "texture": "#0"},
				"west": {"uv": [6, 6, 7.25, 6.125], "texture": "#0"},
				"up": {"uv": [6, 6, 7.25, 6.35], "rotation": 90, "texture": "#0"},
				"down": {"uv": [6, 6, 7.25, 6.35], "rotation": 90, "texture": "#0"}
			}
		},
		{
			"from": [7.025, 7, 6],
			"to": [8.975, 13.5, 8.35],
			"rotation": {"angle": -22.5, "axis": "x", "origin": [8, 7.5, 12.5]},
			"faces": {
				"north": {"uv": [10, 7.5, 10.975, 10.75], "texture": "#0"},
				"east": {"uv": [5.675, 3, 4.5, 6.25], "texture": "#0"},
				"south": {"uv": [0, 0, 2, 6.5], "texture": "#missing"},
				"west": {"uv": [4.5, 3, 5.675, 6.25], "texture": "#0"},
				"up": {"uv": [0, 0, 2, 2.35], "texture": "#missing"},
				"down": {"uv": [0, 0, 2, 2.35], "texture": "#missing"}
			}
		},
		{
			"from": [6.85, 8.5, 6.5],
			"to": [9.15, 11.5, 7.75],
			"rotation": {"angle": -22.5, "axis": "x", "origin": [8, 8, 12.5]},
			"faces": {
				"north": {"uv": [7.5, 8.5, 8, 10], "texture": "#0"},
				"east": {"uv": [7.5, 8.5, 8, 10], "texture": "#0"},
				"south": {"uv": [7.5, 8.5, 8, 10], "texture": "#0"},
				"west": {"uv": [7.5, 8.5, 8, 10], "texture": "#0"},
				"up": {"uv": [7.5, 8.5, 8, 9], "texture": "#0"},
				"down": {"uv": [7.5, 8.5, 8, 9], "texture": "#0"}
			}
		},
		{
			"from": [6.85, 7.25, 11.25],
			"to": [9.15, 7.75, 11.75],
			"rotation": {"angle": -22.5, "axis": "x", "origin": [8, 6.75, 17.25]},
			"faces": {
				"north": {"uv": [7.5, 7.5, 7.75, 7.75], "texture": "#0"},
				"east": {"uv": [7.5, 7.5, 7.75, 7.75], "texture": "#0"},
				"south": {"uv": [7.5, 7.5, 7.75, 7.75], "texture": "#0"},
				"west": {"uv": [7.5, 7.5, 7.75, 7.75], "texture": "#0"},
				"up": {"uv": [7.5, 7.5, 7.75, 7.75], "texture": "#0"},
				"down": {"uv": [7.5, 7.5, 7.75, 7.75], "texture": "#0"}
			}
		},
		{
			"from": [6.85, 7.25, 13],
			"to": [9.15, 7.75, 13.5],
			"rotation": {"angle": -22.5, "axis": "x", "origin": [8, 6.75, 17.25]},
			"faces": {
				"north": {"uv": [7.5, 7.5, 8, 8], "texture": "#0"},
				"east": {"uv": [7.5, 7.5, 8, 8], "texture": "#0"},
				"south": {"uv": [7.5, 7.5, 8, 8], "texture": "#0"},
				"west": {"uv": [7.5, 7.5, 8, 8], "texture": "#0"},
				"up": {"uv": [7.5, 7.5, 8, 8], "texture": "#0"},
				"down": {"uv": [7.5, 7.5, 8, 8], "texture": "#0"}
			}
		},
		{
			"from": [6.85, 11.25, 13],
			"to": [9.15, 11.75, 13.5],
			"rotation": {"angle": -22.5, "axis": "x", "origin": [8, 6.75, 17.25]},
			"faces": {
				"north": {"uv": [7.5, 7.5, 8, 8], "texture": "#0"},
				"east": {"uv": [7.5, 7.5, 8, 8], "texture": "#0"},
				"south": {"uv": [7.5, 7.5, 8, 8], "texture": "#0"},
				"west": {"uv": [7.5, 7.5, 8, 8], "texture": "#0"},
				"up": {"uv": [7.5, 7.5, 8, 8], "texture": "#0"},
				"down": {"uv": [7.5, 7.5, 8, 8], "texture": "#0"}
			}
		},
		{
			"from": [6.85, 11.25, 6.5],
			"to": [9.15, 11.75, 7],
			"rotation": {"angle": -22.5, "axis": "x", "origin": [8, 6.75, 10.75]},
			"faces": {
				"north": {"uv": [7.5, 7.5, 8, 8], "texture": "#0"},
				"east": {"uv": [7.5, 7.5, 8, 8], "texture": "#0"},
				"south": {"uv": [7.5, 7.5, 8, 8], "texture": "#0"},
				"west": {"uv": [7.5, 7.5, 8, 8], "texture": "#0"},
				"up": {"uv": [7.5, 7.5, 8, 8], "texture": "#0"},
				"down": {"uv": [7.5, 7.5, 8, 8], "texture": "#0"}
			}
		},
		{
			"from": [6.85, 4.89419, 6.82023],
			"to": [9.15, 5.89419, 7.82023],
			"rotation": {"angle": 0, "axis": "y", "origin": [8, 5.39419, 12.82023]},
			"faces": {
				"north": {"uv": [7.5, 8, 8, 8.5], "texture": "#0"},
				"east": {"uv": [7.5, 8, 8, 8.5], "texture": "#0"},
				"south": {"uv": [7.5, 8, 8, 8.5], "texture": "#0"},
				"west": {"uv": [7.5, 8, 8, 8.5], "texture": "#0"},
				"up": {"uv": [7.5, 8, 8, 8.5], "texture": "#0"},
				"down": {"uv": [7.5, 8, 8, 8.5], "texture": "#0"}
			}
		},
		{
			"from": [6.85, 10.55062, 0.68612],
			"to": [9.15, 12.55062, 17.18612],
			"rotation": {"angle": 0, "axis": "y", "origin": [8, 11.05062, 16.18612]},
			"faces": {
				"north": {"uv": [2.5, 1, 3.5, 2], "texture": "#0"},
				"east": {"uv": [14.5, 0.5, 6.5, 1.5], "texture": "#0"},
				"south": {"uv": [2.5, 1, 3.5, 2], "texture": "#0"},
				"west": {"uv": [2.5, 2, 10.5, 3], "texture": "#0"},
				"up": {"uv": [3, 11, 11, 12.15], "rotation": 90, "texture": "#0"},
				"down": {"uv": [3, 11, 11, 12], "rotation": 90, "texture": "#0"}
			}
		},
		{
			"from": [7.55, 10.05062, -3.31388],
			"to": [8.55, 11.05062, 0.68612],
			"rotation": {"angle": 0, "axis": "y", "origin": [8.1, 10.05062, 13.18612]},
			"faces": {
				"north": {"uv": [0.5, 1.5, 2.5, 3.5], "texture": "#0"},
				"east": {"uv": [1, 10, 3, 10.5], "texture": "#0"},
				"south": {"uv": [0, 0, 1, 1], "texture": "#missing"},
				"west": {"uv": [1, 10, 3, 10.5], "texture": "#0"},
				"up": {"uv": [1, 10, 3, 10.5], "rotation": 90, "texture": "#0"},
				"down": {"uv": [1, 10, 3, 10.5], "rotation": 90, "texture": "#0"}
			}
		},
		{
			"from": [7.4, 9.90062, -2.81388],
			"to": [8.7, 11.20062, -1.06388],
			"rotation": {"angle": 0, "axis": "y", "origin": [8.1, 10.05062, 13.68612]},
			"faces": {
				"north": {"uv": [5, 1, 6, 1.5], "texture": "#0"},
				"east": {"uv": [6, 1, 5, 1.5], "texture": "#0"},
				"south": {"uv": [5, 1, 6, 1.5], "texture": "#0"},
				"west": {"uv": [5, 1, 6, 1.5], "texture": "#0"},
				"up": {"uv": [5, 1, 6, 1.5], "rotation": 90, "texture": "#0"},
				"down": {"uv": [6, 1, 5, 1.5], "rotation": 90, "texture": "#0"}
			}
		},
		{
			"from": [7.4, 9.90062, -0.81388],
			"to": [8.7, 11.20062, -0.31388],
			"rotation": {"angle": 0, "axis": "y", "origin": [8.1, 10.05062, 14.43612]},
			"faces": {
				"north": {"uv": [5.5, 1, 6, 1.5], "texture": "#0"},
				"east": {"uv": [5.5, 1, 6, 1.5], "texture": "#0"},
				"south": {"uv": [5.5, 1, 6, 1.5], "texture": "#0"},
				"west": {"uv": [5.5, 1, 6, 1.5], "texture": "#0"},
				"up": {"uv": [5.5, 1, 6, 1.5], "texture": "#0"},
				"down": {"uv": [5.5, 1, 6, 1.5], "texture": "#0"}
			}
		},
		{
			"from": [7.35, 12.55062, 0.68612],
			"to": [8.65, 12.80062, 17.18612],
			"rotation": {"angle": 0, "axis": "y", "origin": [8, 11.30062, 16.18612]},
			"faces": {
				"north": {"uv": [3, 12.5, 3.5, 12.625], "texture": "#0"},
				"east": {"uv": [11, 12.5, 3, 12.625], "texture": "#0"},
				"south": {"uv": [3, 12.5, 3.5, 12.625], "texture": "#0"},
				"west": {"uv": [3, 12.5, 11, 12.625], "texture": "#0"},
				"up": {"uv": [3, 12.5, 11, 13], "rotation": 90, "texture": "#0"},
				"down": {"uv": [0, 0, 1.3, 16], "texture": "#missing"}
			}
		},
		{
			"from": [7.2, 12.55062, 14.68612],
			"to": [7.55, 13.80062, 15.68612],
			"rotation": {"angle": 0, "axis": "y", "origin": [7.5, 11.30062, 15.68612]},
			"faces": {
				"north": {"uv": [11.5, 2.5, 12, 3], "texture": "#0"},
				"east": {"uv": [11.5, 2.5, 12, 3], "texture": "#0"},
				"south": {"uv": [12.5, 2.5, 13, 3], "texture": "#0"},
				"west": {"uv": [11.5, 2.5, 12, 3], "texture": "#0"},
				"up": {"uv": [11.5, 2.5, 12, 3], "texture": "#0"},
				"down": {"uv": [11.5, 2.5, 12, 3], "texture": "#0"}
			}
		},
		{
			"from": [7.2, 12.30062, 1.18612],
			"to": [7.55, 13.55062, 2.18612],
			"rotation": {"angle": 22.5, "axis": "x", "origin": [8, 12.92562, 1.68612]},
			"faces": {
				"north": {"uv": [11.5, 2.5, 12, 3], "texture": "#0"},
				"east": {"uv": [11.5, 2.5, 12, 3], "texture": "#0"},
				"south": {"uv": [11.5, 2.5, 12, 3], "texture": "#0"},
				"west": {"uv": [11.5, 2.5, 12, 3], "texture": "#0"},
				"up": {"uv": [11.5, 2.5, 12, 3], "texture": "#0"},
				"down": {"uv": [11.5, 2.5, 12, 3], "texture": "#0"}
			}
		},
		{
			"from": [8.45, 12.55062, 14.68612],
			"to": [8.8, 13.80062, 15.68612],
			"rotation": {"angle": 0, "axis": "y", "origin": [8.75, 11.30062, 15.68612]},
			"faces": {
				"north": {"uv": [11.5, 2.5, 12, 3], "texture": "#0"},
				"east": {"uv": [11.5, 2.5, 12, 3], "texture": "#0"},
				"south": {"uv": [12.5, 2.5, 13, 3], "texture": "#0"},
				"west": {"uv": [11.5, 2.5, 12, 3], "texture": "#0"},
				"up": {"uv": [11.5, 2.5, 12, 3], "texture": "#0"},
				"down": {"uv": [11.5, 2.5, 12, 3], "texture": "#0"}
			}
		},
		{
			"from": [8.45, 12.30062, 1.18612],
			"to": [8.8, 13.55062, 2.18612],
			"rotation": {"angle": 22.5, "axis": "x", "origin": [8, 12.92562, 1.68612]},
			"faces": {
				"north": {"uv": [11.5, 2.5, 12, 3], "texture": "#0"},
				"east": {"uv": [11.5, 2.5, 12, 3], "texture": "#0"},
				"south": {"uv": [11.5, 2.5, 12, 3], "texture": "#0"},
				"west": {"uv": [11.5, 2.5, 12, 3], "texture": "#0"},
				"up": {"uv": [11.5, 2.5, 12, 3], "texture": "#0"},
				"down": {"uv": [11.5, 2.5, 12, 3], "texture": "#0"}
			}
		},
		{
			"from": [6.95, 12.30062, 15.43612],
			"to": [9.05, 13.05062, 16.18612],
			"rotation": {"angle": 22.5, "axis": "x", "origin": [8, 12.67562, 15.81112]},
			"faces": {
				"north": {"uv": [3.5, 1.5, 4.5, 2], "texture": "#0"},
				"east": {"uv": [3.5, 1.5, 4, 2], "texture": "#0"},
				"south": {"uv": [3.5, 1.5, 4.5, 2], "texture": "#0"},
				"west": {"uv": [3.5, 1.5, 4, 2], "texture": "#0"},
				"up": {"uv": [3.5, 1.5, 4.5, 2], "texture": "#0"},
				"down": {"uv": [0, 0, 2.1, 0.75], "texture": "#missing"}
			}
		},
		{
			"from": [7.8, 12.80062, 1.43612],
			"to": [8.2, 13.30062, 2.18612],
			"rotation": {"angle": 0, "axis": "y", "origin": [8, 13.17562, 1.81112]},
			"faces": {
				"north": {"uv": [11.5, 3, 12, 3.5], "texture": "#0"},
				"east": {"uv": [11.5, 3, 12, 3.5], "texture": "#0"},
				"south": {"uv": [12.5, 2.5, 13, 3], "texture": "#0"},
				"west": {"uv": [11.5, 3, 12, 3.5], "texture": "#0"},
				"up": {"uv": [11.5, 3, 12, 3.5], "texture": "#0"},
				"down": {"uv": [11.5, 3, 12, 3.5], "texture": "#0"}
			}
		},
		{
			"from": [6.75, 9.80062, 7.68612],
			"to": [9.25, 10.55062, 9.68612],
			"rotation": {"angle": 0, "axis": "y", "origin": [8, 10.30062, 16.18612]},
			"faces": {
				"north": {"uv": [8, 7.5, 9.25, 7.875], "texture": "#0"},
				"east": {"uv": [8, 7.5, 9, 7.875], "texture": "#0"},
				"south": {"uv": [8, 7.5, 9.25, 7.875], "texture": "#0"},
				"west": {"uv": [8, 7.5, 9, 7.875], "texture": "#0"},
				"up": {"uv": [8, 7.5, 9, 8], "texture": "#0"},
				"down": {"uv": [8, 7.5, 9, 8], "texture": "#0"}
			}
		},
		{
			"from": [7.25, 11.06118, 16.88986],
			"to": [8.75, 12.31118, 18.38986],
			"rotation": {"angle": 22.5, "axis": "x", "origin": [8, 11.68618, 17.63986]},
			"faces": {
				"north": {"uv": [11, 5, 11.5, 5.5], "texture": "#0"},
				"east": {"uv": [11, 5, 11.5, 5.5], "texture": "#0"},
				"south": {"uv": [11, 5, 11.5, 5.5], "texture": "#0"},
				"west": {"uv": [11, 5, 11.5, 5.5], "texture": "#0"},
				"up": {"uv": [11, 5, 11.5, 5.5], "texture": "#0"},
				"down": {"uv": [11, 5, 11.5, 5.5], "texture": "#0"}
			}
		},
		{
			"from": [7.25, 6.33966, 22.67818],
			"to": [8.75, 11.83966, 23.92818],
			"rotation": {"angle": -22.5, "axis": "x", "origin": [8, 11.08966, 23.30318]},
			"faces": {
				"north": {"uv": [11, 5.5, 13.5, 6], "rotation": 90, "texture": "#0"},
				"east": {"uv": [11, 5.5, 13.5, 6], "rotation": 90, "texture": "#0"},
				"south": {"uv": [11, 5.5, 13.5, 6], "rotation": 90, "texture": "#0"},
				"west": {"uv": [11, 5.5, 13.5, 6], "rotation": 90, "texture": "#0"},
				"up": {"uv": [0, 0, 1.5, 1.25], "rotation": 180, "texture": "#missing"},
				"down": {"uv": [12, 8, 12.5, 8.5], "texture": "#0"}
			}
		},
		{
			"from": [7.25, 10.82174, 18.09359],
			"to": [8.75, 12.07174, 23.59359],
			"rotation": {"angle": 0, "axis": "y", "origin": [8, 11.44674, 18.84359]},
			"faces": {
				"north": {"uv": [0, 0, 1.5, 1.25], "texture": "#missing"},
				"east": {"uv": [14.25, 5, 11.5, 5.5], "texture": "#0"},
				"south": {"uv": [12, 8, 12.5, 8.5], "texture": "#0"},
				"west": {"uv": [11.5, 5, 14.25, 5.5], "texture": "#0"},
				"up": {"uv": [11.5, 5, 14, 5.5], "rotation": 90, "texture": "#0"},
				"down": {"uv": [11.5, 5, 14, 5.5], "rotation": 90, "texture": "#0"}
			}
		},
		{
			"from": [8.8, 11.22174, 16.99359],
			"to": [9.3, 12.47174, 17.49359],
			"rotation": {"angle": 45, "axis": "y", "origin": [9.05, 11.84674, 17.24359]},
			"faces": {
				"north": {"uv": [13, 6, 13.5, 6.5], "texture": "#0"},
				"east": {"uv": [13, 6, 13.5, 6.5], "texture": "#0"},
				"south": {"uv": [13, 6, 13.5, 6.5], "texture": "#0"},
				"west": {"uv": [13, 6, 13.5, 6.5], "texture": "#0"},
				"up": {"uv": [13, 6, 13.5, 6.5], "texture": "#0"},
				"down": {"uv": [13, 6, 13.5, 6.5], "texture": "#0"}
			}
		},
		{
			"from": [7.5, 6.46205, 24.5435],
			"to": [8.5, 7.71205, 26.0435],
			"rotation": {"angle": 0, "axis": "y", "origin": [8, 7.08705, 25.2935]},
			"faces": {
				"north": {"uv": [0, 0, 1, 1.25], "texture": "#missing"},
				"east": {"uv": [12, 6, 11, 6.5], "texture": "#0"},
				"south": {"uv": [0, 0, 1, 1.25], "texture": "#missing"},
				"west": {"uv": [11, 6, 12, 6.5], "texture": "#0"},
				"up": {"uv": [11, 6, 12, 6.5], "rotation": 90, "texture": "#0"},
				"down": {"uv": [11, 6, 12, 6.5], "rotation": 90, "texture": "#0"}
			}
		},
		{
			"from": [7.5, 9.71205, 23.7935],
			"to": [8.5, 10.96205, 26.0435],
			"rotation": {"angle": 0, "axis": "y", "origin": [8, 10.33705, 25.2935]},
			"faces": {
				"north": {"uv": [11, 6, 12, 6.5], "texture": "#0"},
				"east": {"uv": [12, 6, 11, 6.5], "texture": "#0"},
				"south": {"uv": [11, 6, 12, 6.625], "texture": "#0"},
				"west": {"uv": [11, 6, 12, 6.5], "texture": "#0"},
				"up": {"uv": [11, 6, 12, 6.5], "rotation": 90, "texture": "#0"},
				"down": {"uv": [12, 6, 11, 6.5], "rotation": 90, "texture": "#0"}
			}
		},
		{
			"from": [7.25, 6.21205, 26.0435],
			"to": [8.75, 11.96205, 27.2935],
			"rotation": {"angle": 0, "axis": "y", "origin": [8, 11.33705, 27.5435]},
			"faces": {
				"north": {"uv": [12, 8, 12.5, 10.5], "texture": "#0"},
				"east": {"uv": [12, 8, 12.5, 10.5], "texture": "#0"},
				"south": {"uv": [12, 8, 12.5, 10.5], "texture": "#0"},
				"west": {"uv": [12, 8, 12.5, 10.5], "texture": "#0"},
				"up": {"uv": [12, 8, 12.5, 8.5], "texture": "#0"},
				"down": {"uv": [12, 8, 12.5, 8.5], "texture": "#0"}
			}
		},
		{
			"from": [7, 4.55062, 6.68612],
			"to": [9, 10.55062, 11.68612],
			"rotation": {"angle": 0, "axis": "y", "origin": [8, 5.05062, 16.18612]},
			"faces": {
				"north": {"uv": [8.5, 2.5, 9.5, 5.5], "texture": "#0"},
				"east": {"uv": [8.5, 3, 6, 6], "texture": "#0"},
				"south": {"uv": [8.5, 2.5, 9.5, 5.5], "texture": "#0"},
				"west": {"uv": [6, 3, 8.5, 6], "texture": "#0"},
				"up": {"uv": [0, 0, 2, 5], "texture": "#missing"},
				"down": {"uv": [12.5, 8, 13.5, 10.5], "texture": "#0"}
			}
		},
		{
			"from": [7, 9.55062, 0.68612],
			"to": [9, 10.55062, 4.68612],
			"rotation": {"angle": 0, "axis": "y", "origin": [8, 5.05062, 9.18612]},
			"faces": {
				"north": {"uv": [2.5, 3, 3.5, 3.5], "texture": "#0"},
				"east": {"uv": [4.5, 3, 2.5, 3.5], "texture": "#0"},
				"south": {"uv": [2.5, 3, 3.5, 3.5], "texture": "#0"},
				"west": {"uv": [2.5, 3, 4.5, 3.5], "texture": "#0"},
				"up": {"uv": [0, 0, 2, 4], "texture": "#missing"},
				"down": {"uv": [2.5, 3.5, 4.5, 4.5], "rotation": 90, "texture": "#0"}
			}
		},
		{
			"from": [7.5, 6.05062, 1.93612],
			"to": [8.75, 9.05062, 3.43612],
			"rotation": {"angle": 0, "axis": "y", "origin": [7.875, 4.55062, 9.68612]},
			"faces": {
				"north": {"uv": [12, 6, 12.5, 7.5], "texture": "#0"},
				"east": {"uv": [12, 6, 12.5, 7.5], "texture": "#0"},
				"south": {"uv": [12, 6, 12.5, 7.5], "texture": "#0"},
				"west": {"uv": [12, 6, 12.5, 7.5], "texture": "#0"},
				"up": {"uv": [12, 6, 12.5, 6.5], "texture": "#0"},
				"down": {"uv": [12, 6, 12.5, 6.5], "texture": "#0"}
			}
		},
		{
			"from": [7.625, 5.80062, 2.18612],
			"to": [8.625, 9.80062, 3.18612],
			"rotation": {"angle": 0, "axis": "y", "origin": [7.875, 3.30062, 9.68612]},
			"faces": {
				"north": {"uv": [10, 4, 10.5, 6], "texture": "#0"},
				"east": {"uv": [10, 4, 10.5, 6], "texture": "#0"},
				"south": {"uv": [10, 4, 10.5, 6], "texture": "#0"},
				"west": {"uv": [10, 4, 10.5, 6], "texture": "#0"},
				"up": {"uv": [0, 0, 0.75, 1], "texture": "#missing"},
				"down": {"uv": [10, 4, 10.5, 4.5], "texture": "#0"}
			}
		},
		{
			"from": [7.025, 9.30062, 11.83612],
			"to": [8.95, 10.55062, 12.33612],
			"rotation": {"angle": 0, "axis": "y", "origin": [8, 5.05062, 16.83612]},
			"faces": {
				"north": {"uv": [0, 0, 2, 1.25], "texture": "#missing"},
				"east": {"uv": [10, 3, 10.25, 3.625], "texture": "#0"},
				"south": {"uv": [10, 3, 11, 3.625], "texture": "#0"},
				"west": {"uv": [10, 3, 10.25, 3.625], "texture": "#0"},
				"up": {"uv": [0, 0, 2, 0.5], "texture": "#missing"},
				"down": {"uv": [0, 0, 2, 0.5], "texture": "#missing"}
			}
		},
		{
			"from": [7.25, 2, 6.25],
			"to": [8.75, 11.5, 8.1],
			"rotation": {"angle": -22.5, "axis": "x", "origin": [8, 7.5, 12.5]},
			"faces": {
				"north": {"uv": [2, 4.5, 2.925, 9.25], "texture": "#0"},
				"east": {"uv": [2, 4.5, 2.925, 9.25], "texture": "#0"},
				"south": {"uv": [2, 4.5, 2.925, 9.25], "texture": "#0"},
				"west": {"uv": [2, 4.5, 2.925, 9.25], "texture": "#0"},
				"up": {"uv": [1, 4.5, 1.5, 5], "texture": "#0"},
				"down": {"uv": [7.5, 8, 8, 8.5], "texture": "#0"}
			}
		},
		{
			"from": [7.65, 11.25, 6.5],
			"to": [8.4, 12, 7.85],
			"rotation": {"angle": -22.5, "axis": "x", "origin": [8, 7.5, 12.5]},
			"faces": {
				"north": {"uv": [3, 4.5, 3.375, 5.175], "texture": "#0"},
				"east": {"uv": [3, 4.5, 3.375, 5.175], "texture": "#0"},
				"south": {"uv": [3, 4.5, 3.375, 5.175], "texture": "#0"},
				"west": {"uv": [3, 4.5, 3.375, 5.175], "texture": "#0"},
				"up": {"uv": [3, 4.5, 3.375, 5.175], "texture": "#0"},
				"down": {"uv": [3, 4.5, 3.375, 5.175], "texture": "#0"}
			}
		},
		{
			"from": [9, 10.55, 4.8],
			"to": [10, 11.55, 5.8],
			"rotation": {"angle": 0, "axis": "y", "origin": [0, 5, 0]},
			"faces": {
				"north": {"uv": [11.5, 11.5, 12, 12], "texture": "#0"},
				"east": {"uv": [11.5, 11.5, 12, 12], "texture": "#0"},
				"south": {"uv": [11.5, 11.5, 12, 12], "texture": "#0"},
				"west": {"uv": [11.5, 11.5, 12, 12], "texture": "#0"},
				"up": {"uv": [11.5, 11.5, 12, 12], "texture": "#0"},
				"down": {"uv": [11.5, 11.5, 12, 12], "texture": "#0"}
			}
		}
	],
	"display": {
		"thirdperson_righthand": {
			"translation": [0, 2.5, -4],
			"scale": [0, 0, 0]
		},
		"thirdperson_lefthand": {
			"translation": [0, 2.5, -4],
			"scale": [0, 0, 0]
		},
		"firstperson_righthand": {
			"translation": [0, 4.5, -4.5],
			"scale": [0, 0, 0]
		},
		"firstperson_lefthand": {
			"translation": [0, 4.5, -4.5],
			"scale": [0, 0, 0]
		},
		"ground": {
			"translation": [0, 5, 0],
			"scale": [0.6, 0.6, 0.6]
		},
		"gui": {
			"rotation": [21, 47, 0],
			"translation": [-2, 0.5, 0],
			"scale": [0.6, 0.6, 0.6]
		}
	}
}