{
	"credit": "By NZ in Blockbench",
	"textures": {
		"0": "modularwarfare:items/grenades/prototype.stun_grenade",
		"particle": "modularwarfare:items/grenades/prototype.stun_grenade"
	},
	"elements": [
		{
			"from": [6, 0, 8],
			"to": [9, 1, 11],
			"rotation": {"angle": 0, "axis": "y", "origin": [7, 0, 10]},
			"faces": {
				"north": {"uv": [2, 8, 5, 9], "texture": "#0"},
				"east": {"uv": [2, 8, 5, 9], "texture": "#0"},
				"south": {"uv": [2, 8, 5, 9], "texture": "#0"},
				"west": {"uv": [2, 8, 5, 9], "texture": "#0"},
				"up": {"uv": [2, 8, 5, 11], "texture": "#0"},
				"down": {"uv": [2, 8, 5, 11], "texture": "#0"}
			}
		},
		{
			"from": [6, 6, 8],
			"to": [9, 7, 11],
			"rotation": {"angle": 0, "axis": "y", "origin": [7, 6, 10]},
			"faces": {
				"north": {"uv": [2, 8, 5, 9], "texture": "#0"},
				"east": {"uv": [2, 8, 5, 9], "texture": "#0"},
				"south": {"uv": [2, 8, 5, 9], "texture": "#0"},
				"west": {"uv": [2, 8, 5, 9], "texture": "#0"},
				"up": {"uv": [2, 8, 5, 11], "texture": "#0"},
				"down": {"uv": [2, 8, 5, 11], "texture": "#0"}
			}
		},
		{
			"from": [6.5, 1, 8.5],
			"to": [8.5, 6, 10.5],
			"rotation": {"angle": 0, "axis": "y", "origin": [6.5, 1, 8.5]},
			"faces": {
				"north": {"uv": [10, 2, 12, 7], "texture": "#0"},
				"east": {"uv": [10, 2, 12, 7], "texture": "#0"},
				"south": {"uv": [10, 2, 12, 7], "texture": "#0"},
				"west": {"uv": [10, 2, 12, 7], "texture": "#0"},
				"up": {"uv": [0, 0, 2, 2], "texture": "#missing"},
				"down": {"uv": [0, 0, 2, 2], "texture": "#missing"}
			}
		},
		{
			"from": [6.5, 7, 9],
			"to": [8.5, 8, 10],
			"rotation": {"angle": 0, "axis": "y", "origin": [6.5, 7, 9]},
			"faces": {
				"north": {"uv": [4, 2, 6, 3], "texture": "#0"},
				"east": {"uv": [4, 2, 5, 3], "texture": "#0"},
				"south": {"uv": [4, 2, 6, 3], "texture": "#0"},
				"west": {"uv": [4, 2, 5, 3], "texture": "#0"},
				"up": {"uv": [4, 2, 6, 3], "texture": "#0"},
				"down": {"uv": [4, 2, 6, 3], "texture": "#0"}
			}
		},
		{
			"from": [7.5, 7, 9.5],
			"to": [10.5, 10, 9.525],
			"rotation": {"angle": 0, "axis": "y", "origin": [7.5, 7, 8.6]},
			"faces": {
				"north": {"uv": [6.95, 3.05, 4.05, 5.95], "texture": "#0"},
				"east": {"uv": [6.35, 3.55, 6.45, 3.65], "texture": "#0"},
				"south": {"uv": [4.05, 3.05, 6.95, 5.95], "texture": "#0"},
				"west": {"uv": [6.35, 3.55, 6.45, 3.65], "texture": "#0"},
				"up": {"uv": [6.35, 3.55, 6.45, 3.65], "texture": "#0"},
				"down": {"uv": [6.35, 3.55, 6.45, 3.65], "texture": "#0"}
			}
		}
	],
	"display": {
		"thirdperson_righthand": {
			"scale": [0, 0, 0]
		},
		"thirdperson_lefthand": {
			"scale": [0, 0, 0]
		},
		"firstperson_righthand": {
			"scale": [0, 0, 0]
		},
		"firstperson_lefthand": {
			"scale": [0, 0, 0]
		},
		"ground": {
			"translation": [0, 6.25, 0],
			"scale": [0.7, 0.7, 0.7]
		},
		"gui": {
			"rotation": [26, 33, -4],
			"translation": [-0.25, 5.5, 0],
			"scale": [1.5, 1.5, 1.5]
		}
	}
}