{
	"credit": "By NZ in Blockbench",
	"textures": {
		"0": "modularwarfare:items/guns/shell",
		"particle": "modularwarfare:items/guns/shell"
	},
	"elements": [
		{
			"from": [7, 0, 6],
			"to": [8, 1, 10],
			"faces": {
				"north": {"uv": [0, 0, 1, 1], "texture": "#0"},
				"east": {"uv": [4, 0, 0, 1], "texture": "#0"},
				"south": {"uv": [4, 0, 5, 1], "texture": "#0"},
				"west": {"uv": [0, 0, 4, 1], "texture": "#0"},
				"up": {"uv": [0, 0, 4, 1], "rotation": 90, "texture": "#0"},
				"down": {"uv": [4, 0, 0, 1], "rotation": 90, "texture": "#0"}
			}
		}
	],
	"display": {
		"thirdperson_righthand": {
			"rotation": [-40, 0, 0],
			"translation": [-1, 5, -3.75],
			"scale": [0.8, 0.8, 0.8]
		},
		"thirdperson_lefthand": {
			"rotation": [-34, 0, 0],
			"translation": [-1.5, 5.5, -3],
			"scale": [0.8, 0.8, 0.8]
		},
		"firstperson_righthand": {
			"rotation": [92, 12, 3],
			"translation": [2.75, 2, 8.75]
		},
		"ground": {
			"translation": [0, 7, 0]
		},
		"gui": {
			"rotation": [120, 27, 24],
			"translation": [-6.75, -11.75, 0],
			"scale": [2.7, 2.7, 2.7]
		}
	}
}