{
	"credit": "By NZ in Blockbench",
	"textures": {
		"0": "modularwarfare:items/grenades/prototype.frag_grenade",
		"particle": "modularwarfare:items/grenades/prototype.frag_grenade"
	},
	"elements": [
		{
			"from": [6, 0, 6],
			"to": [10, 4, 10],
			"faces": {
				"north": {"uv": [5, 7, 9, 11], "texture": "#0"},
				"east": {"uv": [5, 7, 9, 11], "texture": "#0"},
				"south": {"uv": [5, 7, 9, 11], "texture": "#0"},
				"west": {"uv": [5, 7, 9, 11], "texture": "#0"},
				"up": {"uv": [9, 7, 13, 11], "texture": "#0"},
				"down": {"uv": [9, 7, 13, 11], "texture": "#0"}
			}
		},
		{
			"from": [7, 4, 7],
			"to": [9, 6, 9],
			"faces": {
				"north": {"uv": [10, 5, 12, 7], "texture": "#0"},
				"east": {"uv": [10, 5, 12, 7], "texture": "#0"},
				"south": {"uv": [10, 5, 12, 7], "texture": "#0"},
				"west": {"uv": [10, 5, 12, 7], "texture": "#0"},
				"up": {"uv": [8, 5, 10, 7], "texture": "#0"},
				"down": {"uv": [0, 0, 2, 2], "texture": "#missing"}
			}
		},
		{
			"from": [8.48076, 4.38787, 7.5],
			"to": [11.48076, 5.38787, 8.5],
			"rotation": {"angle": -22.5, "axis": "z", "origin": [10.08076, 4.58787, 8]},
			"faces": {
				"north": {"uv": [11, 4, 8, 5], "texture": "#0"},
				"east": {"uv": [7, 6, 8, 7], "texture": "#0"},
				"south": {"uv": [8, 4, 11, 5], "texture": "#0"},
				"west": {"uv": [0, 0, 1, 1], "rotation": 270, "texture": "#missing"},
				"up": {"uv": [8, 4, 11, 5], "texture": "#0"},
				"down": {"uv": [8, 4, 11, 5], "texture": "#0"}
			}
		},
		{
			"from": [10.68076, 1.78787, 7.5],
			"to": [11.68076, 4.78787, 8.5],
			"rotation": {"angle": 0, "axis": "y", "origin": [10.08076, 4.58787, 8]},
			"faces": {
				"north": {"uv": [7, 4, 8, 7], "texture": "#0"},
				"east": {"uv": [7, 4, 8, 7], "texture": "#0"},
				"south": {"uv": [7, 4, 8, 7], "texture": "#0"},
				"west": {"uv": [7, 4, 8, 7], "texture": "#0"},
				"up": {"uv": [7, 4, 8, 5], "texture": "#0"},
				"down": {"uv": [7, 6, 8, 7], "texture": "#0"}
			}
		},
		{
			"from": [8, 5, 8.775],
			"to": [11, 8, 8.8],
			"faces": {
				"north": {"uv": [5, 1, 2, 4], "texture": "#0"},
				"east": {"uv": [2, 1, 2.1, 1.1], "texture": "#0"},
				"south": {"uv": [2, 1, 5, 4], "texture": "#0"},
				"west": {"uv": [2, 1, 2.1, 1.1], "texture": "#0"},
				"up": {"uv": [2, 1, 2.1, 1.1], "texture": "#0"},
				"down": {"uv": [2, 1, 2.1, 1.1], "texture": "#0"}
			}
		}
	],
	"display": {
		"thirdperson_righthand": {
			"scale": [0, 0, 0]
		},
		"thirdperson_lefthand": {
			"scale": [0, 0, 0]
		},
		"firstperson_righthand": {
			"scale": [0, 0, 0]
		},
		"firstperson_lefthand": {
			"scale": [0, 0, 0]
		},
		"ground": {
			"translation": [0, 6.75, 0],
			"scale": [0.7, 0.7, 0.7]
		},
		"gui": {
			"rotation": [23, -22, 0],
			"translation": [-0.25, 7, 0],
			"scale": [1.5, 1.5, 1.5]
		}
	}
}