{
	"credit": "By NZ in Blockbench",
	"textures": {
		"0": "modularwarfare:items/grenades/prototype.smoke_grenade",
		"particle": "modularwarfare:items/grenades/prototype.smoke_grenade"
	},
	"elements": [
		{
			"from": [7.5, 7, 7.5],
			"to": [9.5, 8, 9.5],
			"faces": {
				"north": {"uv": [6, 6, 8, 7], "texture": "#0"},
				"east": {"uv": [6, 6, 8, 7], "texture": "#0"},
				"south": {"uv": [6, 6, 8, 7], "texture": "#0"},
				"west": {"uv": [6, 6, 8, 7], "texture": "#0"},
				"up": {"uv": [6, 7, 8, 9], "texture": "#0"},
				"down": {"uv": [0, 0, 2, 2], "texture": "#missing"}
			}
		},
		{
			"from": [8, 7.25355, 8.44645],
			"to": [9, 8.25355, 11.44645],
			"rotation": {"angle": 22.5, "axis": "x", "origin": [8.5, 7.75355, 9.94645]},
			"faces": {
				"north": {"uv": [4, 2, 3, 3], "rotation": 90, "texture": "#0"},
				"east": {"uv": [3, 2, 6, 3], "texture": "#0"},
				"south": {"uv": [0, 0, 1, 1], "texture": "#missing"},
				"west": {"uv": [6, 2, 3, 3], "texture": "#0"},
				"up": {"uv": [6, 2, 3, 3], "rotation": 90, "texture": "#0"},
				"down": {"uv": [6, 2, 3, 3], "rotation": 90, "texture": "#0"}
			}
		},
		{
			"from": [7, 0, 7],
			"to": [10, 7, 10],
			"faces": {
				"north": {"uv": [3, 3, 6, 10], "texture": "#0"},
				"east": {"uv": [3, 3, 6, 10], "texture": "#0"},
				"south": {"uv": [3, 3, 6, 10], "texture": "#0"},
				"west": {"uv": [3, 3, 6, 10], "texture": "#0"},
				"up": {"uv": [6, 3, 9, 6], "texture": "#0"},
				"down": {"uv": [6, 3, 9, 6], "texture": "#0"}
			}
		},
		{
			"from": [8, 2.65, 10.525],
			"to": [9, 7.65, 11.525],
			"rotation": {"angle": 0, "axis": "y", "origin": [8, 6.65, 10.525]},
			"faces": {
				"north": {"uv": [9, 2, 10, 7], "texture": "#0"},
				"east": {"uv": [9, 2, 10, 7], "texture": "#0"},
				"south": {"uv": [9, 2, 10, 7], "texture": "#0"},
				"west": {"uv": [9, 2, 10, 7], "texture": "#0"},
				"up": {"uv": [4, 2, 3, 3], "rotation": 90, "texture": "#0"},
				"down": {"uv": [6, 2, 5, 3], "rotation": 90, "texture": "#0"}
			}
		},
		{
			"from": [8.5, 7, 5.5],
			"to": [8.525, 10, 8.5],
			"rotation": {"angle": 0, "axis": "y", "origin": [7.5, 7, 7.5]},
			"faces": {
				"north": {"uv": [9.5, 10.5, 10, 11], "texture": "#0"},
				"east": {"uv": [10, 11, 13, 14], "texture": "#0"},
				"south": {"uv": [9.5, 10.5, 10, 11], "texture": "#0"},
				"west": {"uv": [13, 11, 10, 14], "texture": "#0"},
				"up": {"uv": [9.5, 10.5, 10, 11], "texture": "#0"},
				"down": {"uv": [9.5, 10.5, 10, 11], "texture": "#0"}
			}
		}
	],
	"display": {
		"thirdperson_righthand": {
			"scale": [0, 0, 0]
		},
		"thirdperson_lefthand": {
			"scale": [0, 0, 0]
		},
		"firstperson_righthand": {
			"scale": [0, 0, 0]
		},
		"firstperson_lefthand": {
			"scale": [0, 0, 0]
		},
		"ground": {
			"translation": [0, 4.5, 0],
			"scale": [0.6, 0.6, 0.6]
		},
		"gui": {
			"rotation": [29, 49, -6],
			"translation": [-1, 4, 0],
			"scale": [1.3, 1.3, 1.3]
		}
	}
}