{
	"credit": "By NZ in Blockbench",
	"textures": {
		"0": "modularwarfare:items/ammo/prototype.sksammo",
		"particle": "modularwarfare:items/ammo/prototype.sksammo"
	},
	"elements": [
		{
			"from": [7.25, -4.63967, 8.71582],
			"to": [8.75, -2.13967, 11.46582],
			"rotation": {"angle": 22.5, "axis": "x", "origin": [16, 5.36033, 23.21582]},
			"faces": {
				"north": {"uv": [11, 9, 12.5, 11.5], "texture": "#0"},
				"east": {"uv": [11, 9, 13.75, 11.5], "texture": "#0"},
				"south": {"uv": [11, 9, 12.5, 11.5], "texture": "#0"},
				"west": {"uv": [11, 9, 13.75, 11.5], "texture": "#0"},
				"up": {"uv": [0, 0, 1, 1], "rotation": 90, "texture": "#0"},
				"down": {"uv": [11, 10, 13.75, 11.5], "rotation": 90, "texture": "#0"}
			}
		}
	],
	"display": {
		"thirdperson_righthand": {
			"translation": [-0.25, 6, 0.25]
		},
		"thirdperson_lefthand": {
			"translation": [0, 3, -2.75],
			"scale": [0, 0, 0]
		},
		"firstperson_righthand": {
			"rotation": [-5, 0, 0],
			"translation": [2.25, 6.5, -0.75]
		},
		"firstperson_lefthand": {
			"translation": [0, -7.25, 0],
			"scale": [0.8, 0.8, 0.8]
		},
		"ground": {
			"rotation": [0, 0, 90],
			"translation": [0, 8, 0]
		},
		"gui": {
			"rotation": [60, 129, -31],
			"translation": [-4.5, 13, 0],
			"scale": [2.78, 2.78, 2.78]
		}
	}
}