{
	"credit": "By NZ in Blockbench",
	"textures": {
		"1": "modularwarfare:items/armor/prototype.vest.png"
	},
	"elements": [
		{
			"from": [4, 4.45323, 2.41129],
			"to": [12, 4.95323, 9.81129],
			"rotation": {"angle": 0, "axis": "x", "origin": [7.96774, 6.47097, 7.28226]},
			"faces": {
				"north": {"uv": [0, 2, 8, 2.5], "rotation": 180, "texture": "#1"},
				"east": {"uv": [0, 2, 0.5, 9.4], "rotation": 270, "texture": "#1"},
				"south": {"uv": [0, 2, 8, 2.5], "texture": "#1"},
				"west": {"uv": [0, 2, 0.5, 9.4], "rotation": 90, "texture": "#1"},
				"up": {"uv": [0, 2, 8, 9.4], "rotation": 180, "texture": "#1"},
				"down": {"uv": [0, 2, 8, 9.4], "texture": "#1"}
			}
		},
		{
			"from": [11.9, 0.45323, 2.41129],
			"to": [12.1, 4.45323, 9.81129],
			"rotation": {"angle": 0, "axis": "x", "origin": [7.96774, 6.47097, 7.28226]},
			"faces": {
				"north": {"uv": [0, 3, 0.2, 7], "texture": "#1"},
				"east": {"uv": [0, 2, 4, 9.4], "rotation": 90, "texture": "#1"},
				"south": {"uv": [0, 3, 0.2, 7], "texture": "#1"},
				"west": {"uv": [0, 2, 4, 9.4], "rotation": 90, "texture": "#1"},
				"up": {"uv": [0, 2, 7.4, 2.2], "rotation": 90, "texture": "#1"},
				"down": {"uv": [0, 3, 7.4, 3.2], "rotation": 90, "texture": "#1"}
			}
		},
		{
			"from": [3.9, 0.45323, 2.41129],
			"to": [4.1, 4.45323, 9.81129],
			"rotation": {"angle": 0, "axis": "y", "origin": [7.96774, 6.47097, 7.28226]},
			"faces": {
				"north": {"uv": [0, 2, 4, 2.2], "rotation": 90, "texture": "#1"},
				"east": {"uv": [0, 2, 4, 9.4], "rotation": 90, "texture": "#1"},
				"south": {"uv": [0, 2, 4, 2.2], "rotation": 90, "texture": "#1"},
				"west": {"uv": [0, 2, 4, 9.4], "rotation": 90, "texture": "#1"},
				"up": {"uv": [0, 2, 7.4, 2.2], "rotation": 90, "texture": "#1"},
				"down": {"uv": [0, 2, 7.4, 2.2], "rotation": 90, "texture": "#1"}
			}
		},
		{
			"from": [5, 4.45323, 1.41129],
			"to": [11, 4.85323, 2.41129],
			"rotation": {"angle": 0, "axis": "x", "origin": [7.96774, 6.47097, 7.28226]},
			"faces": {
				"north": {"uv": [1, 7, 7, 7.4], "rotation": 180, "texture": "#1"},
				"east": {"uv": [1, 7, 1.4, 8], "rotation": 270, "texture": "#1"},
				"south": {"uv": [1, 7, 7, 7.4], "texture": "#1"},
				"west": {"uv": [1, 7, 1.4, 8], "rotation": 90, "texture": "#1"},
				"up": {"uv": [1, 7, 7, 8], "rotation": 180, "texture": "#1"},
				"down": {"uv": [1, 7, 7, 8], "texture": "#1"}
			}
		},
		{
			"from": [4, 0.05323, 10.81129],
			"to": [5, 0.35323, 11.81129],
			"rotation": {"angle": 0, "axis": "x", "origin": [7.96774, 6.47097, 7.28226]},
			"faces": {
				"north": {"uv": [7, 2, 8, 2.5], "rotation": 180, "texture": "#1"},
				"east": {"uv": [7, 2, 7.5, 3], "rotation": 270, "texture": "#1"},
				"south": {"uv": [7, 2, 8, 2.5], "texture": "#1"},
				"west": {"uv": [7, 2, 7.5, 3], "rotation": 90, "texture": "#1"},
				"up": {"uv": [7, 2, 8, 3], "rotation": 180, "texture": "#1"},
				"down": {"uv": [7, 2, 8, 3], "texture": "#1"}
			}
		},
		{
			"from": [11, 0.05323, 10.81129],
			"to": [12, 0.35323, 11.81129],
			"rotation": {"angle": 0, "axis": "x", "origin": [7.96774, 6.47097, 7.28226]},
			"faces": {
				"north": {"uv": [0, 2, 1, 2.5], "rotation": 180, "texture": "#1"},
				"east": {"uv": [0, 2, 0.5, 3], "rotation": 270, "texture": "#1"},
				"south": {"uv": [0, 2, 1, 2.5], "texture": "#1"},
				"west": {"uv": [0, 2, 0.5, 3], "rotation": 90, "texture": "#1"},
				"up": {"uv": [0, 2, 1, 3], "rotation": 180, "texture": "#1"},
				"down": {"uv": [0, 2, 1, 3], "texture": "#1"}
			}
		},
		{
			"from": [4, 0.05323, 9.81129],
			"to": [6, 0.45323, 10.81129],
			"rotation": {"angle": 0, "axis": "x", "origin": [7.96774, 6.47097, 7.28226]},
			"faces": {
				"north": {"uv": [6, 1, 8, 1.5], "rotation": 180, "texture": "#1"},
				"east": {"uv": [6, 1, 6.5, 2], "rotation": 270, "texture": "#1"},
				"south": {"uv": [6, 1, 8, 1.5], "rotation": 180, "texture": "#1"},
				"west": {"uv": [7, 1, 7.5, 2], "rotation": 90, "texture": "#1"},
				"up": {"uv": [6, 1, 8, 2], "rotation": 180, "texture": "#1"},
				"down": {"uv": [6, 1, 8, 2], "texture": "#1"}
			}
		},
		{
			"from": [10, 0.05323, 9.81129],
			"to": [12, 0.45323, 10.81129],
			"rotation": {"angle": 0, "axis": "x", "origin": [7.96774, 6.47097, 7.28226]},
			"faces": {
				"north": {"uv": [0, 1, 2, 1.5], "rotation": 180, "texture": "#1"},
				"east": {"uv": [0, 1, 0.5, 2], "rotation": 270, "texture": "#1"},
				"south": {"uv": [0, 1, 2, 1.5], "rotation": 180, "texture": "#1"},
				"west": {"uv": [0, 1, 0.5, 2], "rotation": 90, "texture": "#1"},
				"up": {"uv": [0, 1, 2, 2], "rotation": 180, "texture": "#1"},
				"down": {"uv": [0, 1, 2, 2], "texture": "#1"}
			}
		},
		{
			"from": [4, -0.04677, 2.41129],
			"to": [12, 0.45323, 9.81129],
			"rotation": {"angle": 0, "axis": "x", "origin": [7.96774, 6.47097, 7.28226]},
			"faces": {
				"north": {"uv": [0, 2, 8, 2.5], "rotation": 180, "texture": "#1"},
				"east": {"uv": [0, 2, 0.5, 9.4], "rotation": 270, "texture": "#1"},
				"south": {"uv": [0, 2, 8, 2.5], "texture": "#1"},
				"west": {"uv": [0, 2, 0.5, 9.4], "rotation": 90, "texture": "#1"},
				"up": {"uv": [0, 2, 8, 9.4], "rotation": 180, "texture": "#1"},
				"down": {"uv": [0, 2, 8, 9.4], "texture": "#1"}
			}
		},
		{
			"from": [5, -0.04677, 1.41129],
			"to": [11, 0.35323, 2.41129],
			"rotation": {"angle": 0, "axis": "x", "origin": [7.96774, 6.47097, 7.28226]},
			"faces": {
				"north": {"uv": [1, 8, 7, 8.4], "rotation": 180, "texture": "#1"},
				"east": {"uv": [1, 8, 1.4, 9], "rotation": 270, "texture": "#1"},
				"south": {"uv": [1, 8, 7, 8.4], "texture": "#1"},
				"west": {"uv": [1, 8, 1.4, 9], "rotation": 90, "texture": "#1"},
				"up": {"uv": [1, 8, 7, 9], "rotation": 180, "texture": "#1"},
				"down": {"uv": [1, 8, 7, 9], "texture": "#1"}
			}
		},
		{
			"from": [9.5, 4.95323, 3.81129],
			"to": [11.5, 5.45323, 5.81129],
			"rotation": {"angle": 0, "axis": "x", "origin": [7.96774, 6.47097, 7.28226]},
			"faces": {
				"north": {"uv": [9, 6, 11, 6.5], "rotation": 180, "texture": "#1"},
				"east": {"uv": [9, 6, 9.5, 8], "rotation": 270, "texture": "#1"},
				"south": {"uv": [9, 6, 11, 6.5], "texture": "#1"},
				"west": {"uv": [9, 6, 9.5, 8], "rotation": 90, "texture": "#1"},
				"up": {"uv": [9, 6, 11, 8], "rotation": 180, "texture": "#1"},
				"down": {"uv": [9, 6, 11, 8], "texture": "#1"}
			}
		},
		{
			"from": [5.9, 4.95323, 8.61129],
			"to": [9.9, 5.05323, 9.41129],
			"rotation": {"angle": 0, "axis": "x", "origin": [7.96774, 6.47097, 7.28226]},
			"faces": {
				"north": {"uv": [9, 3, 13, 3.1], "rotation": 180, "texture": "#1"},
				"east": {"uv": [9, 3, 9.1, 3.8], "rotation": 270, "texture": "#1"},
				"south": {"uv": [9, 3, 13, 3.1], "texture": "#1"},
				"west": {"uv": [9, 3, 9.1, 3.8], "rotation": 90, "texture": "#1"},
				"up": {"uv": [9, 3, 13, 3.8], "rotation": 180, "texture": "#1"},
				"down": {"uv": [9, 3, 13, 3.8], "texture": "#1"}
			}
		},
		{
			"from": [4.9, -0.14677, 7.11129],
			"to": [10.9, -0.04677, 7.91129],
			"rotation": {"angle": 0, "axis": "x", "origin": [7.96774, 6.47097, 7.28226]},
			"faces": {
				"north": {"uv": [7, 10, 13, 10.1], "rotation": 180, "texture": "#1"},
				"east": {"uv": [7, 10, 7.1, 10.8], "rotation": 270, "texture": "#1"},
				"south": {"uv": [7, 10, 13, 10.1], "texture": "#1"},
				"west": {"uv": [7, 10, 7.1, 10.8], "rotation": 90, "texture": "#1"},
				"up": {"uv": [7, 10, 13, 10.8], "rotation": 180, "texture": "#1"},
				"down": {"uv": [8, 10, 14, 10.8], "texture": "#1"}
			}
		},
		{
			"from": [4.9, -0.14677, 5.81129],
			"to": [10.9, -0.04677, 6.61129],
			"rotation": {"angle": 0, "axis": "x", "origin": [7.96774, 6.47097, 7.28226]},
			"faces": {
				"north": {"uv": [7, 10, 13, 10.1], "rotation": 180, "texture": "#1"},
				"east": {"uv": [7, 10, 7.1, 10.8], "rotation": 270, "texture": "#1"},
				"south": {"uv": [7, 10, 13, 10.1], "texture": "#1"},
				"west": {"uv": [7, 10, 7.1, 10.8], "rotation": 90, "texture": "#1"},
				"up": {"uv": [7, 10, 13, 10.8], "rotation": 180, "texture": "#1"},
				"down": {"uv": [7, 10, 13, 10.8], "texture": "#1"}
			}
		},
		{
			"from": [4.9, -0.14677, 4.41129],
			"to": [10.9, -0.04677, 5.21129],
			"rotation": {"angle": 0, "axis": "x", "origin": [7.96774, 6.47097, 7.28226]},
			"faces": {
				"north": {"uv": [7, 10, 13, 10.1], "rotation": 180, "texture": "#1"},
				"east": {"uv": [7, 10, 7.1, 10.8], "rotation": 270, "texture": "#1"},
				"south": {"uv": [7, 10, 13, 10.1], "texture": "#1"},
				"west": {"uv": [7, 10, 7.1, 10.8], "rotation": 90, "texture": "#1"},
				"up": {"uv": [7, 10, 13, 10.8], "rotation": 180, "texture": "#1"},
				"down": {"uv": [8, 10, 14, 10.8], "texture": "#1"}
			}
		},
		{
			"from": [4.9, -0.14677, 8.41129],
			"to": [10.9, -0.04677, 9.21129],
			"rotation": {"angle": 0, "axis": "x", "origin": [7.96774, 6.47097, 7.28226]},
			"faces": {
				"north": {"uv": [7, 10, 13, 10.1], "rotation": 180, "texture": "#1"},
				"east": {"uv": [7, 10, 7.1, 10.8], "rotation": 270, "texture": "#1"},
				"south": {"uv": [7, 10, 13, 10.1], "texture": "#1"},
				"west": {"uv": [7, 10, 7.1, 10.8], "rotation": 90, "texture": "#1"},
				"up": {"uv": [7, 10, 13, 10.8], "rotation": 180, "texture": "#1"},
				"down": {"uv": [7, 10, 13, 10.8], "texture": "#1"}
			}
		},
		{
			"from": [10.2, 4.95323, 7.21129],
			"to": [11.4, 5.45323, 9.21129],
			"rotation": {"angle": 0, "axis": "x", "origin": [7.96774, 6.47097, 7.28226]},
			"faces": {
				"north": {"uv": [9, 6, 10.2, 6.5], "rotation": 180, "texture": "#1"},
				"east": {"uv": [9, 6, 9.5, 8], "rotation": 270, "texture": "#1"},
				"south": {"uv": [9, 6, 10.2, 6.5], "texture": "#1"},
				"west": {"uv": [9, 6, 9.5, 8], "rotation": 90, "texture": "#1"},
				"up": {"uv": [9, 6, 10, 8], "rotation": 180, "texture": "#1"},
				"down": {"uv": [9, 6, 10.2, 8], "texture": "#1"}
			}
		},
		{
			"from": [4.35, 4.95323, 8.61129],
			"to": [5.65, 5.55323, 9.41129],
			"rotation": {"angle": 0, "axis": "x", "origin": [7.96774, 6.47097, 7.28226]},
			"faces": {
				"north": {"uv": [9, 5, 10.3, 5.6], "rotation": 180, "texture": "#1"},
				"east": {"uv": [9, 5, 9.6, 5.8], "rotation": 270, "texture": "#1"},
				"south": {"uv": [9, 5, 10.3, 5.6], "texture": "#1"},
				"west": {"uv": [9, 5, 9.6, 5.8], "rotation": 90, "texture": "#1"},
				"up": {"uv": [9, 5, 10.3, 5.8], "rotation": 180, "texture": "#1"},
				"down": {"uv": [9, 5, 10.3, 5.8], "texture": "#1"}
			}
		},
		{
			"from": [10.15, 4.95323, 8.61129],
			"to": [11.45, 5.55323, 9.41129],
			"rotation": {"angle": 0, "axis": "x", "origin": [7.96774, 6.47097, 7.28226]},
			"faces": {
				"north": {"uv": [9, 5, 10.3, 5.6], "rotation": 180, "texture": "#1"},
				"east": {"uv": [9, 5, 9.6, 5.8], "rotation": 270, "texture": "#1"},
				"south": {"uv": [9, 5, 10.3, 5.6], "texture": "#1"},
				"west": {"uv": [9, 5, 9.6, 5.8], "rotation": 90, "texture": "#1"},
				"up": {"uv": [9, 5, 10.3, 5.8], "rotation": 180, "texture": "#1"},
				"down": {"uv": [9, 5, 10.3, 5.8], "texture": "#1"}
			}
		},
		{
			"from": [4.4, 4.95323, 7.21129],
			"to": [5.6, 5.45323, 9.21129],
			"rotation": {"angle": 0, "axis": "x", "origin": [7.96774, 6.47097, 7.28226]},
			"faces": {
				"north": {"uv": [9, 6, 10.2, 6.5], "rotation": 180, "texture": "#1"},
				"east": {"uv": [9, 6, 9.5, 8], "rotation": 270, "texture": "#1"},
				"south": {"uv": [9, 6, 10.2, 6.5], "texture": "#1"},
				"west": {"uv": [9, 6, 9.5, 8], "rotation": 90, "texture": "#1"},
				"up": {"uv": [9, 6, 10, 8], "rotation": 180, "texture": "#1"},
				"down": {"uv": [9, 6, 10.2, 8], "texture": "#1"}
			}
		},
		{
			"from": [5.9, 4.95323, 7.31129],
			"to": [9.9, 5.05323, 8.11129],
			"rotation": {"angle": 0, "axis": "x", "origin": [7.96774, 6.47097, 7.28226]},
			"faces": {
				"north": {"uv": [9, 4, 13, 4.1], "rotation": 180, "texture": "#1"},
				"east": {"uv": [9, 4, 9.1, 4.8], "rotation": 270, "texture": "#1"},
				"south": {"uv": [9, 4, 13, 4.1], "texture": "#1"},
				"west": {"uv": [9, 4, 9.1, 4.8], "rotation": 90, "texture": "#1"},
				"up": {"uv": [9, 4, 13, 4.8], "rotation": 180, "texture": "#1"},
				"down": {"uv": [9, 4, 13, 4.8], "texture": "#1"}
			}
		},
		{
			"from": [4.45, 4.95323, 5.81129],
			"to": [6.55, 5.55323, 6.81129],
			"rotation": {"angle": 0, "axis": "x", "origin": [7.96774, 6.47097, 7.28226]},
			"faces": {
				"north": {"uv": [9, 5, 11, 5.6], "rotation": 180, "texture": "#1"},
				"east": {"uv": [9, 5, 9.6, 6], "rotation": 270, "texture": "#1"},
				"south": {"uv": [9, 5, 11, 5.6], "texture": "#1"},
				"west": {"uv": [9, 5, 9.6, 6], "rotation": 90, "texture": "#1"},
				"up": {"uv": [9, 5, 11, 6], "rotation": 180, "texture": "#1"},
				"down": {"uv": [9, 5, 11, 6], "texture": "#1"}
			}
		},
		{
			"from": [6.95, 4.95323, 5.81129],
			"to": [9.05, 5.55323, 6.81129],
			"rotation": {"angle": 0, "axis": "x", "origin": [7.96774, 6.47097, 7.28226]},
			"faces": {
				"north": {"uv": [9, 5, 11, 5.6], "rotation": 180, "texture": "#1"},
				"east": {"uv": [9, 5, 9.6, 6], "rotation": 270, "texture": "#1"},
				"south": {"uv": [9, 5, 11, 5.6], "texture": "#1"},
				"west": {"uv": [9, 5, 9.6, 6], "rotation": 90, "texture": "#1"},
				"up": {"uv": [9, 5, 11, 6], "rotation": 180, "texture": "#1"},
				"down": {"uv": [9, 5, 11, 6], "texture": "#1"}
			}
		},
		{
			"from": [9.45, 4.95323, 5.81129],
			"to": [11.55, 5.55323, 6.81129],
			"rotation": {"angle": 0, "axis": "x", "origin": [7.96774, 6.47097, 7.28226]},
			"faces": {
				"north": {"uv": [9, 5, 11, 5.6], "rotation": 180, "texture": "#1"},
				"east": {"uv": [9, 5, 9.6, 6], "rotation": 270, "texture": "#1"},
				"south": {"uv": [9, 5, 11, 5.6], "texture": "#1"},
				"west": {"uv": [9, 5, 9.6, 6], "rotation": 90, "texture": "#1"},
				"up": {"uv": [9, 5, 11, 6], "rotation": 180, "texture": "#1"},
				"down": {"uv": [9, 5, 11, 6], "texture": "#1"}
			}
		},
		{
			"from": [7, 4.95323, 3.81129],
			"to": [9, 5.45323, 5.81129],
			"rotation": {"angle": 0, "axis": "x", "origin": [7.96774, 6.47097, 7.28226]},
			"faces": {
				"north": {"uv": [9, 6, 11, 6.5], "rotation": 180, "texture": "#1"},
				"east": {"uv": [9, 6, 9.5, 8], "rotation": 270, "texture": "#1"},
				"south": {"uv": [9, 6, 11, 6.5], "texture": "#1"},
				"west": {"uv": [9, 6, 9.5, 8], "rotation": 90, "texture": "#1"},
				"up": {"uv": [9, 6, 11, 8], "rotation": 180, "texture": "#1"},
				"down": {"uv": [9, 6, 11, 8], "texture": "#1"}
			}
		},
		{
			"from": [4.5, 4.95323, 3.81129],
			"to": [6.5, 5.45323, 5.81129],
			"rotation": {"angle": 0, "axis": "x", "origin": [7.96774, 6.47097, 7.28226]},
			"faces": {
				"north": {"uv": [9, 6, 11, 6.5], "rotation": 180, "texture": "#1"},
				"east": {"uv": [9, 6, 9.5, 8], "rotation": 270, "texture": "#1"},
				"south": {"uv": [9, 6, 11, 6.5], "texture": "#1"},
				"west": {"uv": [9, 6, 9.5, 8], "rotation": 90, "texture": "#1"},
				"up": {"uv": [9, 6, 11, 8], "rotation": 180, "texture": "#1"},
				"down": {"uv": [9, 6, 11, 8], "texture": "#1"}
			}
		},
		{
			"from": [11, 4.45323, 10.81129],
			"to": [12, 4.75323, 11.81129],
			"rotation": {"angle": 0, "axis": "x", "origin": [7.96774, 6.47097, 7.28226]},
			"faces": {
				"north": {"uv": [0, 2, 1, 2.5], "rotation": 180, "texture": "#1"},
				"east": {"uv": [0, 2, 0.5, 3], "rotation": 270, "texture": "#1"},
				"south": {"uv": [0, 2, 1, 2.5], "texture": "#1"},
				"west": {"uv": [0, 2, 0.5, 3], "rotation": 90, "texture": "#1"},
				"up": {"uv": [0, 2, 1, 3], "rotation": 180, "texture": "#1"},
				"down": {"uv": [0, 2, 1, 3], "texture": "#1"}
			}
		},
		{
			"from": [4, 4.45323, 9.81129],
			"to": [6, 4.85323, 10.81129],
			"rotation": {"angle": 0, "axis": "x", "origin": [7.96774, 6.47097, 7.28226]},
			"faces": {
				"north": {"uv": [6, 1, 8, 1.5], "rotation": 180, "texture": "#1"},
				"east": {"uv": [6, 1, 6.5, 2], "rotation": 270, "texture": "#1"},
				"south": {"uv": [6, 1, 8, 1.5], "rotation": 180, "texture": "#1"},
				"west": {"uv": [7, 1, 7.5, 2], "rotation": 90, "texture": "#1"},
				"up": {"uv": [6, 1, 8, 2], "rotation": 180, "texture": "#1"},
				"down": {"uv": [6, 1, 8, 2], "texture": "#1"}
			}
		},
		{
			"from": [10, 4.45323, 9.81129],
			"to": [12, 4.85323, 10.81129],
			"rotation": {"angle": 0, "axis": "x", "origin": [7.96774, 6.47097, 7.28226]},
			"faces": {
				"north": {"uv": [0, 1, 2, 1.5], "rotation": 180, "texture": "#1"},
				"east": {"uv": [0, 1, 0.5, 2], "rotation": 270, "texture": "#1"},
				"south": {"uv": [0, 1, 2, 1.5], "rotation": 180, "texture": "#1"},
				"west": {"uv": [0, 1, 0.5, 2], "rotation": 90, "texture": "#1"},
				"up": {"uv": [0, 1, 2, 2], "rotation": 180, "texture": "#1"},
				"down": {"uv": [0, 1, 2, 2], "texture": "#1"}
			}
		},
		{
			"from": [4, 4.45323, 10.81129],
			"to": [5, 4.75323, 11.81129],
			"rotation": {"angle": 0, "axis": "x", "origin": [7.96774, 6.47097, 7.28226]},
			"faces": {
				"north": {"uv": [7, 2, 8, 2.5], "rotation": 180, "texture": "#1"},
				"east": {"uv": [7, 2, 7.5, 3], "rotation": 270, "texture": "#1"},
				"south": {"uv": [7, 2, 8, 2.5], "texture": "#1"},
				"west": {"uv": [7, 2, 7.5, 3], "rotation": 90, "texture": "#1"},
				"up": {"uv": [7, 2, 8, 3], "rotation": 180, "texture": "#1"},
				"down": {"uv": [7, 2, 8, 3], "texture": "#1"}
			}
		},
		{
			"from": [4.1, 0.15323, 11.81129],
			"to": [5.1, 4.65323, 12.01129],
			"rotation": {"angle": 0, "axis": "x", "origin": [7.96774, 6.47097, 7.28226]},
			"faces": {
				"north": {"uv": [8, 2, 9, 6.5], "rotation": 180, "texture": "#1"},
				"east": {"uv": [8, 2, 12.5, 2.2], "rotation": 270, "texture": "#1"},
				"south": {"uv": [8, 2, 9, 6.5], "texture": "#1"},
				"west": {"uv": [8, 2, 12.5, 2.2], "rotation": 90, "texture": "#1"},
				"up": {"uv": [8, 2, 8.2, 3], "rotation": 270, "texture": "#1"},
				"down": {"uv": [8, 2, 9, 2.2], "texture": "#1"}
			}
		},
		{
			"from": [10.9, 0.15323, 11.81129],
			"to": [11.9, 4.65323, 12.01129],
			"rotation": {"angle": 0, "axis": "x", "origin": [7.96774, 6.47097, 7.28226]},
			"faces": {
				"north": {"uv": [8, 3, 9, 7.5], "rotation": 180, "texture": "#1"},
				"east": {"uv": [8, 3, 8.2, 7.5], "texture": "#1"},
				"south": {"uv": [8, 3, 9, 7.5], "texture": "#1"},
				"west": {"uv": [8, 3, 8.2, 7.5], "rotation": 180, "texture": "#1"},
				"up": {"uv": [8, 3, 9, 3.2], "rotation": 180, "texture": "#1"},
				"down": {"uv": [8, 3, 9, 3.2], "texture": "#1"}
			}
		}
	],
	"display": {
		"thirdperson_righthand": {
			"rotation": [-20, 0, 0],
			"translation": [-1.5, 7.5, 0]
		},
		"thirdperson_lefthand": {
			"rotation": [-25, 0, 0],
			"translation": [0, 7.5, 0]
		},
		"firstperson_righthand": {
			"rotation": [92, -180, -4],
			"translation": [-9.5, 3.5, 4]
		},
		"ground": {
			"translation": [0, 8.5, 0]
		},
		"gui": {
			"rotation": [-64, 0, 156],
			"translation": [-3, -1.5, 0],
			"scale": [1.27, 1.27, 1.27]
		}
	}
}