{
	"credit": "By NZ in Blockbench",
	"texture_size": [32, 32],
	"textures": {
		"0": "modularwarfare:items/armor/prototype.helmet.png",
		"particle": "modularwarfare:items/armor/prototype.helmet.png"
	},
	"elements": [
		{
			"from": [12, 7, 4.5],
			"to": [12, 7.5, 4.5],
			"rotation": {"angle": 0, "axis": "x", "origin": [8.00667, 5.40667, 7.07]},
			"faces": {
				"north": {"uv": [1, 15, 1, 15], "texture": "#0"},
				"east": {"uv": [1, 15, 1, 15], "texture": "#0"},
				"south": {"uv": [1, 15, 1, 15], "texture": "#0"},
				"west": {"uv": [1, 15, 1, 15], "texture": "#0"},
				"up": {"uv": [1, 15, 1, 15], "texture": "#0"},
				"down": {"uv": [1, 15, 1, 15], "texture": "#0"}
			}
		}
	],
	"display": {
		"thirdperson_righthand": {
			"translation": [0, 5, 0],
			"scale": [0, 0, 0]
		},
		"thirdperson_lefthand": {
			"translation": [0, 4.25, 0],
			"scale": [0, 0, 0]
		},
		"firstperson_righthand": {
			"rotation": [-7, 135, 0],
			"translation": [-1.75, 5.5, -1.5],
			"scale": [0, 0, 0]
		},
		"ground": {
			"translation": [0, 6.5, 0],
			"scale": [0, 0, 0]
		},
		"gui": {
			"rotation": [24, 144, 0],
			"translation": [0, 3.5, 0],
			"scale": [0, 0, 0]
		}
	}
}