{
	"credit": "By NZ in Blockbench",
	"textures": {
		"0": "modularwarfare:items/guns/prototype.fnx45",
		"particle": "modularwarfare:items/guns/prototype.fnx45"
	},
	"elements": [
		{
			"from": [6.75, 0.5, 11.025],
			"to": [9.25, 1.75, 14.525],
			"rotation": {"angle": 0, "axis": "y", "origin": [14.5, 8.25, 22]},
			"faces": {
				"north": {"uv": [3, 5, 5.5, 6.25], "texture": "#0"},
				"east": {"uv": [3, 5, 6.5, 6.25], "texture": "#0"},
				"south": {"uv": [3, 5, 5.5, 6.25], "texture": "#0"},
				"west": {"uv": [3, 5, 6.5, 6.25], "texture": "#0"},
				"up": {"uv": [3, 5, 6.5, 7.5], "rotation": 90, "texture": "#0"},
				"down": {"uv": [3, 5, 6.5, 7.5], "rotation": 90, "texture": "#0"}
			}
		},
		{
			"from": [7, 4.15, 7.75],
			"to": [9, 9.25, 10.75],
			"rotation": {"angle": -22.5, "axis": "x", "origin": [14.5, 12.25, 18.75]},
			"faces": {
				"north": {"uv": [2, 8, 4, 13], "texture": "#0"},
				"east": {"uv": [2, 8, 5, 13], "texture": "#0"},
				"south": {"uv": [2, 8, 4, 13], "texture": "#0"},
				"west": {"uv": [2, 8, 5, 13], "texture": "#0"},
				"up": {"uv": [2, 8, 4, 11], "texture": "#0"},
				"down": {"uv": [2, 8, 4, 11], "texture": "#0"}
			}
		},
		{
			"from": [6.75, 5.5, 8.25],
			"to": [9.25, 7.25, 10.75],
			"rotation": {"angle": -22.5, "axis": "x", "origin": [14.5, 13.25, 18.75]},
			"faces": {
				"north": {"uv": [3, 5, 5.5, 6.75], "texture": "#0"},
				"east": {"uv": [3, 5, 5.5, 6.75], "texture": "#0"},
				"south": {"uv": [3, 5, 5.5, 6.75], "texture": "#0"},
				"west": {"uv": [3, 5, 5.5, 6.75], "texture": "#0"},
				"up": {"uv": [3, 5, 5.5, 7.5], "texture": "#0"},
				"down": {"uv": [3, 5, 5.5, 7.5], "texture": "#0"}
			}
		},
		{
			"from": [6.75, 7.5, 7.75],
			"to": [9.25, 9.25, 10.75],
			"rotation": {"angle": -22.5, "axis": "x", "origin": [14.5, 13.25, 18.75]},
			"faces": {
				"north": {"uv": [3, 5, 5.5, 6.75], "texture": "#0"},
				"east": {"uv": [3, 5, 6, 6.75], "texture": "#0"},
				"south": {"uv": [3, 5, 5.5, 6.75], "texture": "#0"},
				"west": {"uv": [3, 5, 6, 6.75], "texture": "#0"},
				"up": {"uv": [3, 5, 5.5, 8], "texture": "#0"},
				"down": {"uv": [3, 5, 5.5, 8], "texture": "#0"}
			}
		},
		{
			"from": [7.025, 5.26884, 9.73538],
			"to": [8.975, 6.76884, 12.73538],
			"rotation": {"angle": 0, "axis": "y", "origin": [14.5, 14.01884, 20.73538]},
			"faces": {
				"north": {"uv": [2, 8, 4, 9.5], "texture": "#0"},
				"east": {"uv": [2, 8, 5, 9.5], "texture": "#0"},
				"south": {"uv": [2, 8, 4, 9.5], "texture": "#0"},
				"west": {"uv": [2, 8, 5, 9.5], "texture": "#0"},
				"up": {"uv": [2, 8, 4, 11], "texture": "#0"},
				"down": {"uv": [2, 8, 4, 11], "texture": "#0"}
			}
		},
		{
			"from": [6.75, 5.76884, 9.48538],
			"to": [9.25, 6.76884, 10.73538],
			"rotation": {"angle": 0, "axis": "y", "origin": [14.5, 13.76884, 20.73538]},
			"faces": {
				"north": {"uv": [7, 5, 9.5, 6], "texture": "#0"},
				"east": {"uv": [7, 5, 8.25, 6], "texture": "#0"},
				"south": {"uv": [7, 5, 9.5, 6], "texture": "#0"},
				"west": {"uv": [7, 5, 8.25, 6], "texture": "#0"},
				"up": {"uv": [7, 5, 9.5, 6.25], "texture": "#0"},
				"down": {"uv": [7, 5, 9.5, 6.25], "texture": "#0"}
			}
		},
		{
			"from": [7, 5.51884, 6.73538],
			"to": [9, 6.01884, 9.48538],
			"rotation": {"angle": 0, "axis": "y", "origin": [14.5, 13.76884, 20.73538]},
			"faces": {
				"north": {"uv": [7, 7, 9, 7.5], "texture": "#0"},
				"east": {"uv": [7, 7, 9.75, 7.5], "texture": "#0"},
				"south": {"uv": [7, 7, 9, 7.5], "texture": "#0"},
				"west": {"uv": [7, 7, 9.75, 7.5], "texture": "#0"},
				"up": {"uv": [7, 5, 9, 7.75], "texture": "#0"},
				"down": {"uv": [7, 5, 9, 7.75], "texture": "#0"}
			}
		},
		{
			"from": [7.7, 6.26529, 8.41755],
			"to": [8.3, 8.01529, 8.66755],
			"rotation": {"angle": 22.5, "axis": "x", "origin": [8, 7.34029, 8.54255]},
			"faces": {
				"north": {"uv": [4, 5, 4.6, 6.75], "texture": "#0"},
				"east": {"uv": [4, 5, 4.25, 6.75], "texture": "#0"},
				"south": {"uv": [4, 5, 4.6, 6.75], "texture": "#0"},
				"west": {"uv": [4, 5, 4.25, 6.75], "texture": "#0"},
				"up": {"uv": [4, 5, 4.6, 5.25], "texture": "#0"},
				"down": {"uv": [4, 5, 4.6, 5.25], "texture": "#0"}
			}
		},
		{
			"from": [6.75, 6.76884, 9.48538],
			"to": [9.25, 7.91884, 13.23538],
			"rotation": {"angle": 0, "axis": "y", "origin": [14.5, 13.76884, 20.73538]},
			"faces": {
				"north": {"uv": [7, 6, 9.5, 7.15], "texture": "#0"},
				"east": {"uv": [7, 6, 10.75, 7.15], "texture": "#0"},
				"south": {"uv": [7, 6, 9.5, 7.15], "texture": "#0"},
				"west": {"uv": [7, 6, 10.75, 7.15], "texture": "#0"},
				"up": {"uv": [7, 5, 10.75, 7.5], "rotation": 90, "texture": "#0"},
				"down": {"uv": [7, 5, 10.75, 7.5], "rotation": 90, "texture": "#0"}
			}
		},
		{
			"from": [7.375, 8.16884, -0.06462],
			"to": [8.625, 9.41884, 2.33538],
			"rotation": {"angle": 0, "axis": "y", "origin": [14.5, 13.76884, 20.73538]},
			"faces": {
				"north": {"uv": [0, 0, 0.5, 0.5], "texture": "#0"},
				"east": {"uv": [3, 5, 5.4, 6.25], "texture": "#0"},
				"south": {"uv": [0, 0, 1.25, 1.25], "texture": "#missing"},
				"west": {"uv": [3, 5, 5.4, 6.25], "texture": "#0"},
				"up": {"uv": [3, 5, 5.4, 6.25], "texture": "#0"},
				"down": {"uv": [3, 5, 5.4, 6.25], "texture": "#0"}
			}
		},
		{
			"from": [6.725, 3.36587, 14.84326],
			"to": [9.275, 4.61587, 15.34326],
			"rotation": {"angle": 22.5, "axis": "x", "origin": [14.5, 10.36587, 22.84326]},
			"faces": {
				"north": {"uv": [7, 5, 9.55, 6.25], "texture": "#0"},
				"east": {"uv": [7, 5, 7.5, 6.25], "texture": "#0"},
				"south": {"uv": [7, 5, 9.55, 6.25], "texture": "#0"},
				"west": {"uv": [7, 5, 7.5, 6.25], "texture": "#0"},
				"up": {"uv": [7, 5, 9.55, 5.5], "texture": "#0"},
				"down": {"uv": [7, 5, 9.55, 5.5], "texture": "#0"}
			}
		},
		{
			"from": [6.75, 5.51884, 6.23538],
			"to": [9.25, 7.91884, 6.73538],
			"rotation": {"angle": 0, "axis": "y", "origin": [14.5, 13.76884, 20.73538]},
			"faces": {
				"north": {"uv": [7, 5, 9.5, 7.4], "texture": "#0"},
				"east": {"uv": [7, 5, 7.5, 7.4], "texture": "#0"},
				"south": {"uv": [7, 5, 9.5, 7.4], "texture": "#0"},
				"west": {"uv": [7, 5, 7.5, 7.4], "texture": "#0"},
				"up": {"uv": [7, 5, 9.5, 5.5], "texture": "#0"},
				"down": {"uv": [7, 5, 9.5, 5.5], "texture": "#0"}
			}
		},
		{
			"from": [6.75, 5.51884, 1.23538],
			"to": [9.25, 7.91884, 2.23538],
			"rotation": {"angle": 0, "axis": "y", "origin": [14.5, 13.76884, 19.23538]},
			"faces": {
				"north": {"uv": [7, 5, 9.5, 7.4], "texture": "#0"},
				"east": {"uv": [7, 5, 8, 7.4], "texture": "#0"},
				"south": {"uv": [7, 5, 9.5, 7.4], "texture": "#0"},
				"west": {"uv": [7, 5, 8, 7.4], "texture": "#0"},
				"up": {"uv": [7, 5, 9.5, 6], "texture": "#0"},
				"down": {"uv": [7, 5, 9.5, 6], "texture": "#0"}
			}
		},
		{
			"from": [6.725, 12.04818, -3.19626],
			"to": [9.275, 14.39818, -2.19626],
			"rotation": {"angle": -22.5, "axis": "x", "origin": [14.5, 20.04818, 14.80374]},
			"faces": {
				"north": {"uv": [7, 5, 9.55, 7.35], "texture": "#0"},
				"east": {"uv": [7, 5, 8, 7.35], "texture": "#0"},
				"south": {"uv": [7, 5, 9.55, 7.35], "texture": "#0"},
				"west": {"uv": [7, 5, 8, 7.35], "texture": "#0"},
				"up": {"uv": [7, 5, 9.55, 6], "texture": "#0"},
				"down": {"uv": [7, 5, 9.55, 6], "texture": "#0"}
			}
		},
		{
			"from": [7.5, 12.57905, -3.44245],
			"to": [8.5, 13.97905, -3.19245],
			"rotation": {"angle": -22.5, "axis": "x", "origin": [14.5, 20.02905, 14.75755]},
			"faces": {
				"north": {"uv": [4, 5, 5, 6.4], "texture": "#0"},
				"east": {"uv": [4, 5, 4.25, 6.4], "texture": "#0"},
				"south": {"uv": [4, 5, 5, 6.4], "texture": "#0"},
				"west": {"uv": [4, 5, 4.25, 6.4], "texture": "#0"},
				"up": {"uv": [4, 5, 5, 5.25], "texture": "#0"},
				"down": {"uv": [4, 5, 5, 5.25], "texture": "#0"}
			}
		},
		{
			"from": [7, 5.76884, 2.23538],
			"to": [9, 8.01884, 6.23538],
			"rotation": {"angle": 0, "axis": "y", "origin": [14.5, 13.76884, 20.73538]},
			"faces": {
				"north": {"uv": [3, 5, 5.25, 7], "rotation": 90, "texture": "#0"},
				"east": {"uv": [3, 5, 7, 7.25], "texture": "#0"},
				"south": {"uv": [0, 0, 2, 2.25], "texture": "#missing"},
				"west": {"uv": [3, 5, 7, 7.25], "texture": "#0"},
				"up": {"uv": [3, 5, 7, 7], "rotation": 90, "texture": "#0"},
				"down": {"uv": [3, 5, 7, 7], "rotation": 90, "texture": "#0"}
			}
		},
		{
			"from": [7.2, 3.15, 8.25],
			"to": [8.8, 9.25, 10.25],
			"rotation": {"angle": -22.5, "axis": "x", "origin": [14.5, 12.25, 18.75]},
			"faces": {
				"north": {"uv": [4, 3, 10.1, 4.6], "rotation": 90, "texture": "#0"},
				"east": {"uv": [4, 3, 10.1, 5], "rotation": 90, "texture": "#0"},
				"south": {"uv": [4, 3, 10.1, 4.6], "rotation": 90, "texture": "#0"},
				"west": {"uv": [4, 3, 10.1, 5], "rotation": 90, "texture": "#0"},
				"up": {"uv": [4, 3, 6, 4.6], "rotation": 90, "texture": "#0"},
				"down": {"uv": [4, 3, 6, 4.6], "rotation": 90, "texture": "#0"}
			}
		},
		{
			"from": [6.95, 2.59567, 7.97961],
			"to": [9.05, 3.19567, 10.72961],
			"rotation": {"angle": -22.5, "axis": "x", "origin": [14.5, 11.69567, 18.97961]},
			"faces": {
				"north": {"uv": [3, 6, 5.1, 6.6], "texture": "#0"},
				"east": {"uv": [3, 6, 5.75, 6.6], "texture": "#0"},
				"south": {"uv": [3, 6, 5.1, 6.6], "texture": "#0"},
				"west": {"uv": [3, 6, 5.75, 6.6], "texture": "#0"},
				"up": {"uv": [3, 5, 5.1, 7.75], "texture": "#0"},
				"down": {"uv": [3, 5, 5.1, 7.75], "texture": "#0"}
			}
		},
		{
			"from": [7.03799, 9.16175, 0.33538],
			"to": [8.96299, 9.86175, 13.98538],
			"rotation": {"angle": 0, "axis": "y", "origin": [14.21299, 14.46175, 20.73538]},
			"faces": {
				"north": {"uv": [3, 13, 3.7, 14.925], "rotation": 90, "texture": "#0"},
				"east": {"uv": [2, 14, 15.65, 14.7], "texture": "#0"},
				"south": {"uv": [3, 13, 3.7, 14.925], "rotation": 90, "texture": "#0"},
				"west": {"uv": [2, 14, 15.65, 14.7], "texture": "#0"},
				"up": {"uv": [2, 13, 15.65, 14.925], "rotation": 90, "texture": "#0"},
				"down": {"uv": [0, 0, 0.975, 13.65], "texture": "#missing"}
			}
		},
		{
			"from": [7.775, 9.84384, 0.68538],
			"to": [8.225, 10.24384, 1.83538],
			"rotation": {"angle": 0, "axis": "y", "origin": [14.5, 13.76884, 20.73538]},
			"faces": {
				"north": {"uv": [5, 6, 5.45, 7.15], "texture": "#0"},
				"east": {"uv": [5, 6, 5.45, 7.15], "texture": "#0"},
				"south": {"uv": [1, 0, 1.45, 0.4], "texture": "#0"},
				"west": {"uv": [5, 6, 5.45, 7.15], "texture": "#0"},
				"up": {"uv": [5, 6, 5.45, 7.15], "texture": "#0"},
				"down": {"uv": [5, 6, 5.45, 7.15], "texture": "#0"}
			}
		},
		{
			"from": [10.10401, 10.5306, 0.58538],
			"to": [10.85401, 11.2806, 2.23538],
			"rotation": {"angle": -22.5, "axis": "z", "origin": [5.00401, 18.2806, 8.98538]},
			"faces": {
				"north": {"uv": [2, 13, 2.75, 13.75], "rotation": 90, "texture": "#0"},
				"east": {"uv": [2, 13, 2.75, 13.75], "rotation": 90, "texture": "#0"},
				"south": {"uv": [2, 13, 2.75, 13.75], "rotation": 90, "texture": "#0"},
				"west": {"uv": [2, 13, 2.75, 13.75], "rotation": 90, "texture": "#0"},
				"up": {"uv": [2, 13, 2.75, 13.75], "rotation": 90, "texture": "#0"},
				"down": {"uv": [2, 13, 2.75, 13.75], "rotation": 90, "texture": "#0"}
			}
		},
		{
			"from": [10.10401, 10.5306, 8.83538],
			"to": [10.85401, 11.2806, 9.48538],
			"rotation": {"angle": -22.5, "axis": "z", "origin": [5.00401, 18.2806, 17.23538]},
			"faces": {
				"north": {"uv": [3, 13, 3.75, 13.75], "rotation": 90, "texture": "#0"},
				"east": {"uv": [3, 13, 3.75, 13.75], "rotation": 90, "texture": "#0"},
				"south": {"uv": [3, 13, 3.75, 13.75], "rotation": 90, "texture": "#0"},
				"west": {"uv": [3, 13, 3.75, 13.75], "rotation": 90, "texture": "#0"},
				"up": {"uv": [3, 13, 3.75, 13.75], "rotation": 90, "texture": "#0"},
				"down": {"uv": [3, 13, 3.75, 13.75], "rotation": 90, "texture": "#0"}
			}
		},
		{
			"from": [10.10401, 10.5306, 10.08538],
			"to": [10.85401, 11.2806, 10.73538],
			"rotation": {"angle": -22.5, "axis": "z", "origin": [5.00401, 18.2806, 18.48538]},
			"faces": {
				"north": {"uv": [3, 13, 3.75, 13.75], "rotation": 90, "texture": "#0"},
				"east": {"uv": [3, 13, 3.75, 13.75], "rotation": 90, "texture": "#0"},
				"south": {"uv": [3, 13, 3.75, 13.75], "rotation": 90, "texture": "#0"},
				"west": {"uv": [3, 13, 3.75, 13.75], "rotation": 90, "texture": "#0"},
				"up": {"uv": [3, 13, 3.75, 13.75], "rotation": 90, "texture": "#0"},
				"down": {"uv": [3, 13, 3.75, 13.75], "rotation": 90, "texture": "#0"}
			}
		},
		{
			"from": [10.10401, 10.5306, 11.33538],
			"to": [10.85401, 11.2806, 12.98538],
			"rotation": {"angle": -22.5, "axis": "z", "origin": [5.00401, 18.2806, 19.73538]},
			"faces": {
				"north": {"uv": [3, 13, 3.75, 13.75], "rotation": 90, "texture": "#0"},
				"east": {"uv": [3, 13, 3.75, 13.75], "rotation": 90, "texture": "#0"},
				"south": {"uv": [3, 13, 3.75, 13.75], "rotation": 90, "texture": "#0"},
				"west": {"uv": [3, 13, 3.75, 13.75], "rotation": 90, "texture": "#0"},
				"up": {"uv": [3, 13, 3.75, 13.75], "rotation": 90, "texture": "#0"},
				"down": {"uv": [3, 13, 3.75, 13.75], "rotation": 90, "texture": "#0"}
			}
		},
		{
			"from": [7.275, 9.84384, 11.93538],
			"to": [7.725, 10.24384, 13.08538],
			"rotation": {"angle": 0, "axis": "y", "origin": [14.5, 13.76884, 20.73538]},
			"faces": {
				"north": {"uv": [5, 6, 5.45, 7.15], "texture": "#0"},
				"east": {"uv": [5, 6, 5.45, 7.15], "texture": "#0"},
				"south": {"uv": [1, 0, 1.45, 0.4], "texture": "#0"},
				"west": {"uv": [5, 6, 5.45, 7.15], "texture": "#0"},
				"up": {"uv": [5, 6, 5.45, 7.15], "texture": "#0"},
				"down": {"uv": [5, 6, 5.45, 7.15], "texture": "#0"}
			}
		},
		{
			"from": [8.175, 9.84384, 11.93538],
			"to": [8.625, 10.24384, 13.08538],
			"rotation": {"angle": 0, "axis": "y", "origin": [14.5, 13.76884, 20.73538]},
			"faces": {
				"north": {"uv": [5, 6, 5.45, 7.15], "texture": "#0"},
				"east": {"uv": [5, 6, 5.45, 7.15], "texture": "#0"},
				"south": {"uv": [1, 0, 1.45, 0.4], "texture": "#0"},
				"west": {"uv": [5, 6, 5.45, 7.15], "texture": "#0"},
				"up": {"uv": [5, 6, 5.45, 7.15], "texture": "#0"},
				"down": {"uv": [5, 6, 5.45, 7.15], "texture": "#0"}
			}
		},
		{
			"from": [5.97951, 6.34021, 0.58538],
			"to": [6.72951, 7.09021, 2.23538],
			"rotation": {"angle": 22.5, "axis": "z", "origin": [0.87951, 14.09021, 8.98538]},
			"faces": {
				"north": {"uv": [2, 13, 2.75, 13.75], "rotation": 90, "texture": "#0"},
				"east": {"uv": [2, 13, 2.75, 13.75], "rotation": 90, "texture": "#0"},
				"south": {"uv": [2, 13, 2.75, 13.75], "rotation": 90, "texture": "#0"},
				"west": {"uv": [2, 13, 2.75, 13.75], "rotation": 90, "texture": "#0"},
				"up": {"uv": [2, 13, 2.75, 13.75], "rotation": 90, "texture": "#0"},
				"down": {"uv": [2, 13, 2.75, 13.75], "rotation": 90, "texture": "#0"}
			}
		},
		{
			"from": [5.97951, 6.34021, 8.83538],
			"to": [6.72951, 7.09021, 9.48538],
			"rotation": {"angle": 22.5, "axis": "z", "origin": [0.87951, 14.09021, 17.23538]},
			"faces": {
				"north": {"uv": [3, 13, 3.75, 13.75], "rotation": 90, "texture": "#0"},
				"east": {"uv": [3, 13, 3.75, 13.75], "rotation": 90, "texture": "#0"},
				"south": {"uv": [3, 13, 3.75, 13.75], "rotation": 90, "texture": "#0"},
				"west": {"uv": [3, 13, 3.75, 13.75], "rotation": 90, "texture": "#0"},
				"up": {"uv": [3, 13, 3.75, 13.75], "rotation": 90, "texture": "#0"},
				"down": {"uv": [3, 13, 3.75, 13.75], "rotation": 90, "texture": "#0"}
			}
		},
		{
			"from": [5.97951, 6.34021, 11.33538],
			"to": [6.72951, 7.09021, 12.98538],
			"rotation": {"angle": 22.5, "axis": "z", "origin": [0.87951, 14.09021, 19.73538]},
			"faces": {
				"north": {"uv": [3, 13, 3.75, 13.75], "rotation": 90, "texture": "#0"},
				"east": {"uv": [3, 13, 3.75, 13.75], "rotation": 90, "texture": "#0"},
				"south": {"uv": [3, 13, 3.75, 13.75], "rotation": 90, "texture": "#0"},
				"west": {"uv": [3, 13, 3.75, 13.75], "rotation": 90, "texture": "#0"},
				"up": {"uv": [3, 13, 3.75, 13.75], "rotation": 90, "texture": "#0"},
				"down": {"uv": [3, 13, 3.75, 13.75], "rotation": 90, "texture": "#0"}
			}
		},
		{
			"from": [5.97951, 6.34021, 10.08538],
			"to": [6.72951, 7.09021, 10.73538],
			"rotation": {"angle": 22.5, "axis": "z", "origin": [0.87951, 14.09021, 18.48538]},
			"faces": {
				"north": {"uv": [3, 13, 3.75, 13.75], "rotation": 90, "texture": "#0"},
				"east": {"uv": [3, 13, 3.75, 13.75], "rotation": 90, "texture": "#0"},
				"south": {"uv": [3, 13, 3.75, 13.75], "rotation": 90, "texture": "#0"},
				"west": {"uv": [3, 13, 3.75, 13.75], "rotation": 90, "texture": "#0"},
				"up": {"uv": [3, 13, 3.75, 13.75], "rotation": 90, "texture": "#0"},
				"down": {"uv": [3, 13, 3.75, 13.75], "rotation": 90, "texture": "#0"}
			}
		},
		{
			"from": [6.75, 7.91884, 0.33538],
			"to": [9.25, 9.16884, 6.23538],
			"rotation": {"angle": 0, "axis": "y", "origin": [14.5, 13.76884, 20.73538]},
			"faces": {
				"north": {"uv": [2, 3, 4.5, 4.25], "texture": "#0"},
				"east": {"uv": [2, 3, 7.9, 4.25], "texture": "#0"},
				"south": {"uv": [2, 3, 4.5, 4.25], "texture": "#0"},
				"west": {"uv": [2, 3, 7.9, 4.25], "texture": "#0"},
				"up": {"uv": [2, 3, 7.9, 5], "rotation": 90, "texture": "#0"},
				"down": {"uv": [2, 3, 7.9, 5], "rotation": 90, "texture": "#0"}
			}
		},
		{
			"from": [6.75, 7.91884, 6.23538],
			"to": [9.25, 9.16884, 14.23538],
			"rotation": {"angle": 0, "axis": "y", "origin": [14.5, 13.76884, 20.73538]},
			"faces": {
				"north": {"uv": [4, 3, 6.5, 4.25], "texture": "#0"},
				"east": {"uv": [4, 3, 12, 4.25], "texture": "#0"},
				"south": {"uv": [4, 3, 6.5, 4.25], "texture": "#0"},
				"west": {"uv": [4, 3, 12, 4.25], "texture": "#0"},
				"up": {"uv": [4, 3, 12, 5], "rotation": 90, "texture": "#0"},
				"down": {"uv": [4, 3, 12, 5], "rotation": 90, "texture": "#0"}
			}
		},
		{
			"from": [6.55, 8.16884, 1.33538],
			"to": [9.45, 8.91884, 6.48538],
			"rotation": {"angle": 0, "axis": "y", "origin": [14.5, 13.76884, 20.73538]},
			"faces": {
				"north": {"uv": [5, 12, 7.9, 12.75], "texture": "#0"},
				"east": {"uv": [5, 12, 10, 12.75], "texture": "#0"},
				"south": {"uv": [5, 12, 7.9, 12.75], "texture": "#0"},
				"west": {"uv": [5, 12, 10, 12.75], "texture": "#0"},
				"up": {"uv": [5, 12, 10, 13], "rotation": 90, "texture": "#0"},
				"down": {"uv": [5, 12, 10, 13], "rotation": 90, "texture": "#0"}
			}
		}
	],
	"display": {
		"thirdperson_righthand": {
			"translation": [-0.75, 0.75, -1.25],
			"scale": [0, 0, 0]
		},
		"thirdperson_lefthand": {
			"translation": [0, 0.75, -1.25],
			"scale": [0.6, 0.6, 0.6]
		},
		"firstperson_righthand": {
			"translation": [0, -11.75, -3.5]
		},
		"firstperson_lefthand": {
			"translation": [0, -12.25, -3.5]
		},
		"ground": {
			"translation": [0, 6, 0],
			"scale": [0, 0, 0]
		},
		"gui": {
			"rotation": [53, 63, -29],
			"translation": [0, 2, 0],
			"scale": [0.8, 0.8, 0.8]
		}
	}
}