{
	"credit": "By NZ in Blockbench",
	"texture_size": [32, 32],
	"textures": {
		"0": "modularwarfare:items/armor/prototype.helmet.png"
	},
	"elements": [
		{
			"from": [4, 7, 4.5],
			"to": [12, 7.5, 13.1],
			"rotation": {"angle": 0, "axis": "x", "origin": [8.00667, 5.40667, 7.07]},
			"faces": {
				"north": {"uv": [4.75, 10.25, 8.85, 10.5], "texture": "#0"},
				"east": {"uv": [0, 3.75, 4.3, 4], "texture": "#0"},
				"south": {"uv": [4.75, 8, 8.85, 8.25], "texture": "#0"},
				"west": {"uv": [4.75, 10, 9.05, 10.25], "texture": "#0"},
				"up": {"uv": [4.75, 10.5, 8.75, 14.75], "texture": "#0"},
				"down": {"uv": [9.75, 10.5, 13.75, 14.8], "texture": "#0"}
			}
		},
		{
			"from": [6, 6.8, 3.8],
			"to": [10, 7.8, 13.3],
			"rotation": {"angle": 0, "axis": "x", "origin": [8.00667, 5.40667, 7.07]},
			"faces": {
				"north": {"uv": [5.75, 14.75, 7.75, 15.25], "texture": "#0"},
				"east": {"uv": [5.75, 10.5, 6.25, 15.25], "rotation": 90, "texture": "#0"},
				"south": {"uv": [5.75, 14.75, 7.75, 15.25], "texture": "#0"},
				"west": {"uv": [7.25, 10.5, 7.75, 15.25], "rotation": 90, "texture": "#0"},
				"up": {"uv": [5.75, 10.5, 7.75, 15.25], "texture": "#0"},
				"down": {"uv": [5.75, 10.5, 7.75, 15.25], "texture": "#0"}
			}
		},
		{
			"from": [5.4, 6.8, 3.2],
			"to": [10.4, 7.3, 3.8],
			"rotation": {"angle": 0, "axis": "x", "origin": [8.00667, 5.40667, 7.07]},
			"faces": {
				"north": {"uv": [10.5, 15, 13, 15.25], "texture": "#0"},
				"east": {"uv": [10.5, 15, 10.75, 15.25], "texture": "#0"},
				"south": {"uv": [10.5, 15, 13, 15.25], "texture": "#0"},
				"west": {"uv": [10.5, 15, 10.75, 15.25], "texture": "#0"},
				"up": {"uv": [10.5, 15, 13, 15.25], "rotation": 180, "texture": "#0"},
				"down": {"uv": [10.5, 15, 13, 15.25], "rotation": 180, "texture": "#0"}
			}
		},
		{
			"from": [3.5, 2, 12.5],
			"to": [12.5, 7, 13.5],
			"rotation": {"angle": 0, "axis": "x", "origin": [8.00667, 5.40667, 7.07]},
			"faces": {
				"north": {"uv": [9.5, 8, 14, 10.5], "texture": "#0"},
				"east": {"uv": [0, 3.75, 0.5, 6.25], "texture": "#0"},
				"south": {"uv": [4.75, 8, 9.25, 10.5], "texture": "#0"},
				"west": {"uv": [4.25, 8, 4.75, 10.5], "texture": "#0"},
				"up": {"uv": [4.25, 4.25, 8.75, 4.75], "texture": "#0"},
				"down": {"uv": [4.5, 10, 9, 10.5], "texture": "#0"}
			}
		},
		{
			"from": [4, 3, 13.5],
			"to": [12, 5, 14],
			"rotation": {"angle": 0, "axis": "x", "origin": [8.00667, 5.40667, 7.07]},
			"faces": {
				"north": {"uv": [9.5, 8, 14, 10.5], "texture": "#missing"},
				"east": {"uv": [6.25, 15, 7.25, 15.25], "rotation": 90, "texture": "#0"},
				"south": {"uv": [3.25, 11, 4.25, 15], "rotation": 90, "texture": "#0"},
				"west": {"uv": [6.25, 10.5, 7.25, 10.75], "rotation": 90, "texture": "#0"},
				"up": {"uv": [5.75, 11, 6, 15], "rotation": 90, "texture": "#0"},
				"down": {"uv": [7.5, 11, 7.75, 15], "rotation": 90, "texture": "#0"}
			}
		},
		{
			"from": [12, 5, 4.5],
			"to": [12.5, 7, 12.5],
			"rotation": {"angle": 0, "axis": "x", "origin": [8.00667, 5.40667, 7.07]},
			"faces": {
				"north": {"uv": [7.5, 3.75, 7.75, 4.75], "texture": "#0"},
				"east": {"uv": [0.5, 3.75, 4.5, 4.75], "texture": "#0"},
				"south": {"uv": [0, 0, 0.25, 1], "texture": "#missing"},
				"west": {"uv": [9.75, 6, 13.75, 7], "texture": "#0"},
				"up": {"uv": [0, 3.75, 4, 4], "rotation": 90, "texture": "#0"},
				"down": {"uv": [0, 3.75, 4, 4], "rotation": 90, "texture": "#0"}
			}
		},
		{
			"from": [3.3, 3, 6.5],
			"to": [4, 5, 12.5],
			"rotation": {"angle": 0, "axis": "x", "origin": [8.00667, 5.40667, 7.07]},
			"faces": {
				"north": {"uv": [0.5, 4.75, 0.75, 5.75], "texture": "#0"},
				"east": {"uv": [13.25, 7, 10.25, 8], "texture": "#0"},
				"south": {"uv": [0.5, 4.75, 0.75, 5.75], "texture": "#0"},
				"west": {"uv": [0.5, 5.75, 3.5, 4.75], "texture": "#0"},
				"up": {"uv": [0.5, 4.75, 3.5, 5.1], "rotation": 90, "texture": "#0"},
				"down": {"uv": [0.5, 4.75, 3.5, 5.1], "rotation": 90, "texture": "#0"}
			}
		},
		{
			"from": [12, 3, 6.5],
			"to": [12.7, 5, 12.5],
			"rotation": {"angle": 0, "axis": "x", "origin": [8.00667, 5.40667, 7.07]},
			"faces": {
				"north": {"uv": [0.5, 4.75, 0.75, 5.75], "texture": "#0"},
				"east": {"uv": [0.5, 4.75, 3.5, 5.75], "texture": "#0"},
				"south": {"uv": [0.5, 4.75, 0.75, 5.75], "texture": "#0"},
				"west": {"uv": [10.25, 7, 13.25, 8], "texture": "#0"},
				"up": {"uv": [0.5, 4.75, 3.5, 5.1], "rotation": 90, "texture": "#0"},
				"down": {"uv": [0.5, 5.25, 3.5, 5.6], "rotation": 90, "texture": "#0"}
			}
		},
		{
			"from": [3.5, 5, 4.5],
			"to": [4, 7, 12.5],
			"rotation": {"angle": 0, "axis": "x", "origin": [8.00667, 5.40667, 7.07]},
			"faces": {
				"north": {"uv": [7.5, 3.75, 7.75, 4.75], "texture": "#0"},
				"east": {"uv": [10, 6, 14, 7], "texture": "#0"},
				"south": {"uv": [0, 0, 0.25, 1], "texture": "#missing"},
				"west": {"uv": [8.5, 3.75, 12.5, 4.75], "texture": "#0"},
				"up": {"uv": [0, 3.75, 4, 4], "rotation": 90, "texture": "#0"},
				"down": {"uv": [0, 3.75, 4, 4], "rotation": 90, "texture": "#0"}
			}
		},
		{
			"from": [4, 5, 4.2],
			"to": [12, 7, 5],
			"rotation": {"angle": 0, "axis": "x", "origin": [8.00667, 5.40667, 7.07]},
			"faces": {
				"north": {"uv": [4.5, 3.75, 8.5, 4.75], "texture": "#0"},
				"east": {"uv": [7.5, 3.75, 7.9, 4.75], "texture": "#0"},
				"south": {"uv": [9.75, 6, 13.75, 7], "texture": "#0"},
				"west": {"uv": [7.5, 3.75, 7.9, 4.75], "texture": "#0"},
				"up": {"uv": [4.75, 10, 8.75, 10.4], "texture": "#0"},
				"down": {"uv": [4.75, 10, 8.75, 10.4], "texture": "#0"}
			}
		},
		{
			"from": [7, 5.6, 3.9],
			"to": [9, 6.4, 4.2],
			"rotation": {"angle": 0, "axis": "x", "origin": [8.00667, 5.40667, 7.07]},
			"faces": {
				"north": {"uv": [10.5, 15.25, 11.5, 15.75], "texture": "#0"},
				"east": {"uv": [10.5, 15.25, 10.65, 15.75], "texture": "#0"},
				"south": {"uv": [10.5, 15.25, 11.5, 15.75], "texture": "#0"},
				"west": {"uv": [10.5, 15.25, 10.65, 15.75], "texture": "#0"},
				"up": {"uv": [10.5, 15.25, 11.5, 15.4], "texture": "#0"},
				"down": {"uv": [10.5, 15.25, 11.5, 15.4], "texture": "#0"}
			}
		},
		{
			"from": [8.3, 5.8, 3.8],
			"to": [8.7, 6.2, 4.1],
			"rotation": {"angle": 0, "axis": "x", "origin": [8.00667, 5.40667, 7.07]},
			"faces": {
				"north": {"uv": [11.5, 15.25, 11.7, 15.45], "texture": "#0"},
				"east": {"uv": [11.5, 15.25, 11.65, 15.45], "texture": "#0"},
				"south": {"uv": [11.5, 15.25, 11.7, 15.45], "texture": "#0"},
				"west": {"uv": [11.5, 15.25, 11.65, 15.45], "texture": "#0"},
				"up": {"uv": [11.5, 15.25, 11.7, 15.4], "texture": "#0"},
				"down": {"uv": [11.5, 15.25, 11.7, 15.4], "texture": "#0"}
			}
		},
		{
			"from": [7.3, 5.8, 3.8],
			"to": [7.7, 6.2, 4.1],
			"rotation": {"angle": 0, "axis": "x", "origin": [8.00667, 5.40667, 7.07]},
			"faces": {
				"north": {"uv": [11.75, 15.25, 11.95, 15.45], "texture": "#0"},
				"east": {"uv": [11.75, 15.25, 11.95, 15.45], "texture": "#0"},
				"south": {"uv": [11.75, 15.25, 11.95, 15.45], "texture": "#0"},
				"west": {"uv": [11.75, 15.25, 11.95, 15.45], "texture": "#0"},
				"up": {"uv": [11.75, 15.25, 11.95, 15.45], "texture": "#0"},
				"down": {"uv": [11.75, 15.25, 11.95, 15.45], "texture": "#0"}
			}
		},
		{
			"from": [6.14116, 0, 2.29773],
			"to": [11.14116, 7, 2.39773],
			"rotation": {"angle": -22.5, "axis": "y", "origin": [8.00667, 5.40667, 7.07]},
			"faces": {
				"north": {"uv": [0, 0, 2.5, 3.5], "texture": "#0"},
				"east": {"uv": [0, 0, 0.05, 3.5], "texture": "#0"},
				"south": {"uv": [2.5, 3.5, 5, 0], "texture": "#0"},
				"west": {"uv": [0.5, 1.25, 1, 1.75], "texture": "#0"},
				"up": {"uv": [0, 0, 2.5, 0.05], "texture": "#0"},
				"down": {"uv": [0, 3.25, 2.5, 3.3], "texture": "#0"}
			}
		},
		{
			"from": [5.04463, 0, 2.36916],
			"to": [10.04463, 7, 2.46916],
			"rotation": {"angle": 22.5, "axis": "y", "origin": [8.00667, 5.40667, 7.07]},
			"faces": {
				"north": {"uv": [2.5, 0, 5, 3.5], "texture": "#0"},
				"east": {"uv": [0.5, 1.5, 1, 2], "texture": "#0"},
				"south": {"uv": [5, 0, 2.5, 3.5], "texture": "#0"},
				"west": {"uv": [4.75, 0, 4.8, 3.5], "texture": "#0"},
				"up": {"uv": [2.5, 0, 5, 0.05], "texture": "#0"},
				"down": {"uv": [2.5, 3.25, 5, 3.3], "texture": "#0"}
			}
		}
	],
	"display": {
		"thirdperson_righthand": {
			"translation": [0, 5, 0]
		},
		"thirdperson_lefthand": {
			"translation": [0, 4.25, 0]
		},
		"firstperson_righthand": {
			"rotation": [-7, 135, 0],
			"translation": [-1.75, 5.5, -1.5]
		},
		"ground": {
			"translation": [0, 6.5, 0]
		},
		"gui": {
			"rotation": [24, 144, 0],
			"translation": [0, 3.5, 0]
		}
	}
}