{
	"credit": "By NZ in Blockbench",
	"textures": {
		"0": "modularwarfare:items/ammo/prototype.fnx45ammo",
		"particle": "modularwarfare:items/ammo/prototype.fnx45ammo"
	},
	"elements": [
		{
			"from": [6.625, 0.05362, 6.93413],
			"to": [10.675, 0.85362, 7.93413],
			"rotation": {"angle": 22.5, "axis": "y", "origin": [8.15, 0.45362, 7.43413]},
			"faces": {
				"north": {"uv": [4, 3, 10.1, 4.6], "texture": "#0"},
				"east": {"uv": [0, 0, 1, 1], "rotation": 180, "texture": "#0"},
				"south": {"uv": [4, 3, 10.1, 4.6], "rotation": 180, "texture": "#0"},
				"west": {"uv": [4, 3, 6, 4.6], "rotation": 180, "texture": "#0"},
				"up": {"uv": [4, 3, 10.1, 5], "rotation": 180, "texture": "#0"},
				"down": {"uv": [4, 3, 10.1, 5], "rotation": 180, "texture": "#0"}
			}
		},
		{
			"from": [6.325, -0.12138, 7.43413],
			"to": [6.625, 0.92862, 8.78413],
			"rotation": {"angle": 22.5, "axis": "y", "origin": [6.475, 0.32862, 7.40913]},
			"faces": {
				"north": {"uv": [3, 6, 5.1, 6.6], "rotation": 270, "texture": "#0"},
				"east": {"uv": [3, 5, 5.1, 7.75], "rotation": 90, "texture": "#0"},
				"south": {"uv": [3, 6, 5.1, 6.6], "rotation": 90, "texture": "#0"},
				"west": {"uv": [3, 5, 5.1, 7.75], "rotation": 90, "texture": "#0"},
				"up": {"uv": [3, 6, 5.75, 6.6], "rotation": 90, "texture": "#0"},
				"down": {"uv": [3, 6, 5.75, 6.6], "rotation": 90, "texture": "#0"}
			}
		}
	],
	"display": {
		"thirdperson_righthand": {
			"rotation": [51, 4, 79],
			"translation": [-8.25, 0.5, 1.75]
		},
		"thirdperson_lefthand": {
			"translation": [0, 1.25, 2.75],
			"scale": [0.6, 0.6, 0.6]
		},
		"firstperson_righthand": {
			"rotation": [-28, 171, 102],
			"translation": [7.5, 3, 4.5]
		},
		"firstperson_lefthand": {
			"translation": [0, 2.5, -3.5]
		},
		"ground": {
			"translation": [0, 6, 0],
			"scale": [0.6, 0.6, 0.6]
		},
		"gui": {
			"rotation": [-67, -152, 33],
			"translation": [12, -0.5, 0],
			"scale": [3.4, 3.4, 3.4]
		}
	}
}