{
	"credit": "By NZ in Blockbench",
	"textures": {
		"1": "modularwarfare:items/attachments/prototype.docter_sight_mini",
		"particle": "modularwarfare:items/attachments/prototype.docter_sight_mini"
	},
	"elements": [
		{
			"from": [7.4, 0, 7.5],
			"to": [8.6, 0.4, 9.5],
			"faces": {
				"north": {"uv": [2, 5, 3.2, 5.4], "texture": "#1"},
				"east": {"uv": [2, 5, 4, 5.4], "texture": "#1"},
				"south": {"uv": [2, 5, 3, 5.4], "texture": "#1"},
				"west": {"uv": [2, 5, 4, 5.4], "texture": "#1"},
				"up": {"uv": [2, 3, 3, 5], "texture": "#1"},
				"down": {"uv": [2, 3, 3.2, 5], "texture": "#1"}
			}
		},
		{
			"from": [7.4, 0.6, 7.7],
			"to": [7.5, 1.5, 7.8],
			"faces": {
				"north": {"uv": [2, 3, 2.1, 3.9], "texture": "#1"},
				"east": {"uv": [2, 3, 2.1, 3.9], "texture": "#1"},
				"south": {"uv": [2, 3, 2.1, 3.9], "texture": "#1"},
				"west": {"uv": [2, 3, 2.1, 3.9], "texture": "#1"},
				"up": {"uv": [2, 3, 2.1, 3.9], "texture": "#1"},
				"down": {"uv": [2, 3, 2.1, 3.9], "texture": "#1"}
			}
		},
		{
			"from": [8.5, 0.6, 7.7],
			"to": [8.6, 1.5, 7.8],
			"faces": {
				"north": {"uv": [2, 3, 2.1, 3.9], "texture": "#1"},
				"east": {"uv": [2, 3, 2.1, 3.9], "texture": "#1"},
				"south": {"uv": [2, 3, 2.1, 3.9], "texture": "#1"},
				"west": {"uv": [2, 3, 2.1, 3.9], "texture": "#1"},
				"up": {"uv": [2, 3, 2.1, 3.9], "texture": "#1"},
				"down": {"uv": [2, 3, 2.1, 3.9], "texture": "#1"}
			}
		},
		{
			"from": [7.5, 1.5, 7.7],
			"to": [8.5, 1.6, 7.8],
			"faces": {
				"north": {"uv": [2, 3, 3, 3.1], "texture": "#1"},
				"east": {"uv": [2, 3, 3, 3.1], "texture": "#1"},
				"south": {"uv": [2, 3, 3, 3.1], "texture": "#1"},
				"west": {"uv": [2, 3, 3, 3.1], "texture": "#1"},
				"up": {"uv": [2, 3, 3, 3.1], "texture": "#1"},
				"down": {"uv": [2, 3, 3, 3.1], "texture": "#1"}
			}
		},
		{
			"from": [7.5, 0.4, 7.6],
			"to": [8.5, 0.6, 8.1],
			"faces": {
				"north": {"uv": [2, 3, 3, 3.5], "texture": "#1"},
				"east": {"uv": [2, 3, 3, 3.5], "texture": "#1"},
				"south": {"uv": [2, 3, 3, 3.5], "texture": "#1"},
				"west": {"uv": [2, 3, 3, 3.5], "texture": "#1"},
				"up": {"uv": [2, 3, 3, 3.5], "texture": "#1"},
				"down": {"uv": [2, 3, 3, 3.5], "texture": "#1"}
			}
		}
	],
	"display": {
		"thirdperson_righthand": {
			"rotation": [0, 35, 0],
			"translation": [-1.75, 11.25, 0.25],
			"scale": [1.43, 1.43, 1.43]
		},
		"thirdperson_lefthand": {
			"translation": [0, 4, 2.25],
			"scale": [0.8, 0.8, 0.8]
		},
		"firstperson_righthand": {
			"rotation": [-15, 25, 0],
			"translation": [-0.25, 13, -1.25],
			"scale": [1.43, 1.43, 1.43]
		},
		"firstperson_lefthand": {
			"translation": [0, 6.5, 0],
			"scale": [0.8, 0.8, 0.8]
		},
		"ground": {
			"translation": [0, 10.25, 0],
			"scale": [1.43, 1.43, 1.43]
		},
		"gui": {
			"rotation": [26, 46, 0],
			"translation": [-1.5, 26.75, 0],
			"scale": [4, 4, 4]
		}
	}
}