{
	"credit": "By NZ in Blockbench",
	"textures": {
		"0": "modularwarfare:items/guns/prototype.sks",
		"1": "modularwarfare:items/attachments/prototype.docter_sight_mini",
		"particle": "modularwarfare:items/guns/prototype.sks"
	},
	"elements": [
		{
			"from": [7.6, -2.75769, 23.34755],
			"to": [8.4, -2.25769, 26.59755],
			"rotation": {"angle": 45, "axis": "x", "origin": [16.5, 5.24231, 30.09755]},
			"faces": {
				"north": {"uv": [4, 6, 4.8, 6.5], "texture": "#0"},
				"east": {"uv": [4, 6, 7.25, 6.5], "texture": "#0"},
				"south": {"uv": [4, 6, 4.8, 6.5], "texture": "#0"},
				"west": {"uv": [4, 6, 7.25, 6.5], "texture": "#0"},
				"up": {"uv": [4, 6, 7.25, 6.8], "rotation": 90, "texture": "#0"},
				"down": {"uv": [4, 6, 7.25, 6.8], "rotation": 90, "texture": "#0"}
			}
		},
		{
			"from": [7.25, 2.5, 11],
			"to": [8.75, 6.5, 13],
			"rotation": {"angle": -22.5, "axis": "x", "origin": [16, 10.5, 20]},
			"faces": {
				"north": {"uv": [1, 4, 2.5, 8], "texture": "#0"},
				"east": {"uv": [1, 4, 3, 8], "texture": "#0"},
				"south": {"uv": [1, 4, 2.5, 8], "texture": "#0"},
				"west": {"uv": [1, 4, 3, 8], "texture": "#0"},
				"up": {"uv": [1, 4, 2.5, 6], "texture": "#0"},
				"down": {"uv": [1, 5, 3, 6], "rotation": 90, "texture": "#0"}
			}
		},
		{
			"from": [7.15, 3, 11.25],
			"to": [8.85, 5.5, 12.75],
			"rotation": {"angle": -22.5, "axis": "x", "origin": [16, 10.5, 20]},
			"faces": {
				"north": {"uv": [11, 13, 12.7, 15.5], "texture": "#0"},
				"east": {"uv": [11, 13, 12.5, 15.5], "texture": "#0"},
				"south": {"uv": [11, 13, 12.7, 15.5], "texture": "#0"},
				"west": {"uv": [11, 13, 12.5, 15.5], "texture": "#0"},
				"up": {"uv": [11, 13, 12, 14], "texture": "#0"},
				"down": {"uv": [11, 13, 12, 14], "texture": "#0"}
			}
		},
		{
			"from": [7.225, 7.48463, 12.65224],
			"to": [8.775, 8.23463, 13.15224],
			"rotation": {"angle": -22.5, "axis": "x", "origin": [16.25, 12.23463, 20.15224]},
			"faces": {
				"north": {"uv": [11, 9, 11.75, 10.55], "rotation": 90, "texture": "#0"},
				"east": {"uv": [11, 9, 11.75, 9.5], "rotation": 90, "texture": "#0"},
				"south": {"uv": [11, 9, 11.75, 10.55], "rotation": 90, "texture": "#0"},
				"west": {"uv": [11, 9, 11.75, 9.5], "rotation": 90, "texture": "#0"},
				"up": {"uv": [11, 9, 11.5, 10.55], "rotation": 90, "texture": "#0"},
				"down": {"uv": [11, 9, 11.5, 10.55], "rotation": 90, "texture": "#0"}
			}
		},
		{
			"from": [7.25, 7.98463, 10.90224],
			"to": [8.75, 8.73463, 11.40224],
			"rotation": {"angle": -22.5, "axis": "x", "origin": [16.25, 12.73463, 18.40224]},
			"faces": {
				"north": {"uv": [1, 12, 2.5, 12.75], "texture": "#0"},
				"east": {"uv": [1, 12, 2.5, 12.75], "texture": "#0"},
				"south": {"uv": [1, 12, 2.5, 12.75], "texture": "#0"},
				"west": {"uv": [1, 12, 2.5, 12.75], "texture": "#0"},
				"up": {"uv": [1, 12, 2.5, 12.75], "texture": "#0"},
				"down": {"uv": [1, 12, 2.5, 12.75], "texture": "#0"}
			}
		},
		{
			"from": [7, 3.36033, 13.71582],
			"to": [9, 5.86033, 15.21582],
			"rotation": {"angle": 0, "axis": "y", "origin": [16, 11.86033, 22.71582]},
			"faces": {
				"north": {"uv": [9, 10.5, 11, 13], "texture": "#0"},
				"east": {"uv": [9, 10.5, 10.5, 13], "texture": "#0"},
				"south": {"uv": [9, 10.5, 11, 13], "texture": "#0"},
				"west": {"uv": [9, 10.5, 10.5, 13], "texture": "#0"},
				"up": {"uv": [9, 10, 11, 11.5], "texture": "#0"},
				"down": {"uv": [7, 13, 8.5, 15], "rotation": 90, "texture": "#0"}
			}
		},
		{
			"from": [7, 3.36033, 6.21582],
			"to": [9, 5.36033, 13.71582],
			"rotation": {"angle": 0, "axis": "y", "origin": [16, 11.86033, 21.21582]},
			"faces": {
				"north": {"uv": [5, 11, 7, 13], "texture": "#0"},
				"east": {"uv": [1, 11, 8.5, 13], "texture": "#0"},
				"south": {"uv": [0, 0, 2, 2], "texture": "#missing"},
				"west": {"uv": [1, 11, 8.5, 13], "texture": "#0"},
				"up": {"uv": [1, 13, 8.5, 15], "rotation": 90, "texture": "#0"},
				"down": {"uv": [1, 13, 8.5, 15], "rotation": 90, "texture": "#0"}
			}
		},
		{
			"from": [7, 3.86033, -1.28418],
			"to": [9, 5.36033, 6.21582],
			"rotation": {"angle": 0, "axis": "y", "origin": [16, 11.86033, 13.71582]},
			"faces": {
				"north": {"uv": [6, 9, 8, 10.5], "texture": "#0"},
				"east": {"uv": [1, 9, 8.5, 10.5], "texture": "#0"},
				"south": {"uv": [0, 0, 2, 1.5], "texture": "#missing"},
				"west": {"uv": [1, 9, 8.5, 10.5], "texture": "#0"},
				"up": {"uv": [1, 13, 8.5, 15], "rotation": 90, "texture": "#0"},
				"down": {"uv": [1, 13, 8.5, 15], "rotation": 90, "texture": "#0"}
			}
		},
		{
			"from": [7.25, 5.36033, 6.21582],
			"to": [8.75, 6.11033, 8.71582],
			"rotation": {"angle": 0, "axis": "y", "origin": [16, 13.36033, 21.21582]},
			"faces": {
				"north": {"uv": [4, 13, 5.5, 13.75], "texture": "#0"},
				"east": {"uv": [4, 13, 6.5, 13.75], "texture": "#0"},
				"south": {"uv": [4, 13, 5.5, 13.75], "texture": "#0"},
				"west": {"uv": [4, 13, 6.5, 13.75], "texture": "#0"},
				"up": {"uv": [4, 13, 6.5, 14.5], "rotation": 90, "texture": "#0"},
				"down": {"uv": [4, 13, 6.5, 14.5], "rotation": 90, "texture": "#0"}
			}
		},
		{
			"from": [7.25, 5.36033, 10.71582],
			"to": [8.75, 6.11033, 11.21582],
			"rotation": {"angle": 0, "axis": "y", "origin": [16, 13.36033, 23.71582]},
			"faces": {
				"north": {"uv": [1, 12, 2.5, 12.75], "texture": "#0"},
				"east": {"uv": [1, 12, 2.5, 12.75], "texture": "#0"},
				"south": {"uv": [1, 12, 2.5, 12.75], "texture": "#0"},
				"west": {"uv": [1, 12, 2.5, 12.75], "texture": "#0"},
				"up": {"uv": [1, 12, 2.5, 12.75], "texture": "#0"},
				"down": {"uv": [1, 12, 2.5, 12.75], "texture": "#0"}
			}
		},
		{
			"from": [7.25, 5.16742, 13.25283],
			"to": [8.75, 5.66742, 13.75283],
			"rotation": {"angle": 0, "axis": "y", "origin": [16, 12.91742, 26.25283]},
			"faces": {
				"north": {"uv": [1, 12, 1.5, 12.5], "texture": "#0"},
				"east": {"uv": [1, 12, 1.5, 12.5], "texture": "#0"},
				"south": {"uv": [1, 12, 1.5, 12.5], "texture": "#0"},
				"west": {"uv": [1, 12, 1.5, 12.5], "texture": "#0"},
				"up": {"uv": [1, 12, 1.5, 12.5], "texture": "#0"},
				"down": {"uv": [1, 12, 1.5, 12.5], "texture": "#0"}
			}
		},
		{
			"from": [7.25, 5.36033, 9.46582],
			"to": [8.75, 6.11033, 9.96582],
			"rotation": {"angle": 0, "axis": "y", "origin": [16, 13.36033, 22.46582]},
			"faces": {
				"north": {"uv": [1, 12, 2.5, 12.75], "texture": "#0"},
				"east": {"uv": [1, 12, 2.5, 12.75], "texture": "#0"},
				"south": {"uv": [1, 12, 2.5, 12.75], "texture": "#0"},
				"west": {"uv": [1, 12, 2.5, 12.75], "texture": "#0"},
				"up": {"uv": [1, 12, 2.5, 12.75], "texture": "#0"},
				"down": {"uv": [1, 12, 2.5, 12.75], "texture": "#0"}
			}
		},
		{
			"from": [7.75, 6.01033, 9.46582],
			"to": [8.25, 6.26033, 13.46582],
			"rotation": {"angle": 0, "axis": "y", "origin": [16, 13.51033, 25.21582]},
			"faces": {
				"north": {"uv": [4, 12, 8, 12.5], "rotation": 90, "texture": "#0"},
				"east": {"uv": [4, 12, 8, 12.5], "rotation": 90, "texture": "#0"},
				"south": {"uv": [4, 12, 8, 12.5], "rotation": 90, "texture": "#0"},
				"west": {"uv": [4, 12, 8, 12.5], "rotation": 90, "texture": "#0"},
				"up": {"uv": [4, 12, 8, 12.5], "rotation": 90, "texture": "#0"},
				"down": {"uv": [4, 12, 8, 12.5], "rotation": 90, "texture": "#0"}
			}
		},
		{
			"from": [7.45, 5.36033, 8.71582],
			"to": [8.55, 6.01033, 13.21582],
			"rotation": {"angle": 0, "axis": "y", "origin": [16, 13.36033, 25.71582]},
			"faces": {
				"north": {"uv": [4, 6, 5.1, 6.65], "texture": "#0"},
				"east": {"uv": [4, 6, 8.5, 6.65], "texture": "#0"},
				"south": {"uv": [4, 6, 5.1, 6.65], "texture": "#0"},
				"west": {"uv": [4, 6, 8.5, 6.65], "texture": "#0"},
				"up": {"uv": [4, 6, 8.5, 7], "rotation": 90, "texture": "#0"},
				"down": {"uv": [4, 6, 8.5, 7.1], "rotation": 90, "texture": "#0"}
			}
		},
		{
			"from": [7.5, 5.36033, -1.28418],
			"to": [8.5, 5.86033, 6.21582],
			"rotation": {"angle": 0, "axis": "y", "origin": [16, 13.36033, 13.71582]},
			"faces": {
				"north": {"uv": [4, 6, 5, 6.5], "texture": "#0"},
				"east": {"uv": [4, 6, 11.5, 6.5], "texture": "#0"},
				"south": {"uv": [4, 6, 5, 6.5], "texture": "#0"},
				"west": {"uv": [4, 6, 11.5, 6.5], "texture": "#0"},
				"up": {"uv": [4, 6, 11.5, 7], "rotation": 90, "texture": "#0"},
				"down": {"uv": [4, 6, 11.5, 7], "rotation": 90, "texture": "#0"}
			}
		},
		{
			"from": [7.25, 4.36033, -1.53418],
			"to": [8.75, 5.96033, -1.28418],
			"rotation": {"angle": 0, "axis": "y", "origin": [16, 13.36033, 13.46582]},
			"faces": {
				"north": {"uv": [3, 13, 4.6, 14.5], "rotation": 90, "texture": "#0"},
				"east": {"uv": [3, 13, 4.6, 13.25], "rotation": 90, "texture": "#0"},
				"south": {"uv": [3, 13, 4.6, 14.5], "rotation": 90, "texture": "#0"},
				"west": {"uv": [3, 13, 4.6, 13.25], "rotation": 90, "texture": "#0"},
				"up": {"uv": [3, 13, 3.25, 14.5], "rotation": 90, "texture": "#0"},
				"down": {"uv": [3, 13, 3.25, 14.5], "rotation": 90, "texture": "#0"}
			}
		},
		{
			"from": [7.65, 4.96033, -6.03418],
			"to": [8.35, 5.66033, -1.98418],
			"rotation": {"angle": 0, "axis": "y", "origin": [16.1, 13.66033, 12.96582]},
			"faces": {
				"north": {"uv": [0, 0, 0.7, 0.7], "texture": "#0"},
				"east": {"uv": [4, 6, 8.05, 6.7], "texture": "#0"},
				"south": {"uv": [4, 6, 4.7, 6.7], "texture": "#0"},
				"west": {"uv": [4, 6, 8.05, 6.7], "texture": "#0"},
				"up": {"uv": [4, 6, 8.05, 6.7], "rotation": 90, "texture": "#0"},
				"down": {"uv": [4, 6, 8.05, 6.7], "rotation": 90, "texture": "#0"}
			}
		},
		{
			"from": [7.75, 4.16033, -5.53418],
			"to": [8.25, 4.66033, -1.98418],
			"rotation": {"angle": 0, "axis": "y", "origin": [16.1, 12.66033, 13.96582]},
			"faces": {
				"north": {"uv": [2, 13, 2.5, 13.5], "texture": "#0"},
				"east": {"uv": [2, 13, 5.55, 13.5], "texture": "#0"},
				"south": {"uv": [2, 13, 2.5, 13.5], "texture": "#0"},
				"west": {"uv": [2, 13, 5.55, 13.5], "texture": "#0"},
				"up": {"uv": [2, 13, 5.55, 13.5], "rotation": 90, "texture": "#0"},
				"down": {"uv": [2, 13, 5.55, 13.5], "rotation": 90, "texture": "#0"}
			}
		},
		{
			"from": [7.55, 4.08533, -5.03418],
			"to": [8.45, 5.73533, -4.28418],
			"rotation": {"angle": 0, "axis": "y", "origin": [16.1, 13.63533, 10.21582]},
			"faces": {
				"north": {"uv": [3, 12, 4.65, 12.9], "rotation": 90, "texture": "#0"},
				"east": {"uv": [3, 12, 4.65, 12.75], "rotation": 90, "texture": "#0"},
				"south": {"uv": [3, 12, 4.65, 12.9], "rotation": 90, "texture": "#0"},
				"west": {"uv": [3, 12, 4.65, 12.75], "rotation": 90, "texture": "#0"},
				"up": {"uv": [3, 12, 3.75, 12.9], "rotation": 90, "texture": "#0"},
				"down": {"uv": [3, 12, 3.75, 12.9], "rotation": 90, "texture": "#0"}
			}
		},
		{
			"from": [7.55, 4.08533, -2.03418],
			"to": [8.45, 5.73533, -1.28418],
			"rotation": {"angle": 0, "axis": "y", "origin": [16.1, 13.63533, 13.21582]},
			"faces": {
				"north": {"uv": [2, 12, 3.65, 12.9], "rotation": 90, "texture": "#0"},
				"east": {"uv": [2, 12, 3.65, 12.75], "rotation": 90, "texture": "#0"},
				"south": {"uv": [2, 12, 3.65, 12.9], "rotation": 90, "texture": "#0"},
				"west": {"uv": [2, 12, 3.65, 12.75], "rotation": 90, "texture": "#0"},
				"up": {"uv": [2, 12, 2.75, 12.9], "rotation": 90, "texture": "#0"},
				"down": {"uv": [2, 12, 2.75, 12.9], "rotation": 90, "texture": "#0"}
			}
		},
		{
			"from": [7.85, 5.73533, -4.83418],
			"to": [8.15, 5.88533, -4.48418],
			"rotation": {"angle": 0, "axis": "y", "origin": [16.1, 15.28533, 10.21582]},
			"faces": {
				"north": {"uv": [4, 6, 4.3, 6.15], "texture": "#0"},
				"east": {"uv": [4, 6, 4.3, 6.15], "texture": "#0"},
				"south": {"uv": [4, 6, 4.3, 6.15], "texture": "#0"},
				"west": {"uv": [4, 6, 4.3, 6.15], "texture": "#0"},
				"up": {"uv": [4, 6, 4.3, 6.15], "texture": "#0"},
				"down": {"uv": [4, 6, 4.3, 6.15], "texture": "#0"}
			}
		},
		{
			"from": [7.95, 6.03533, -4.83418],
			"to": [8.05, 6.18533, -4.48418],
			"rotation": {"angle": 0, "axis": "y", "origin": [16.1, 15.58533, 10.21582]},
			"faces": {
				"north": {"uv": [2, 7, 2.1, 7.15], "texture": "#0"},
				"east": {"uv": [2, 7, 2.1, 7.15], "texture": "#0"},
				"south": {"uv": [2, 7, 2.1, 7.15], "texture": "#0"},
				"west": {"uv": [2, 7, 2.1, 7.15], "texture": "#0"},
				"up": {"uv": [2, 7, 2.1, 7.15], "texture": "#0"},
				"down": {"uv": [2, 7, 2.1, 7.15], "texture": "#0"}
			}
		},
		{
			"from": [7.75, 5.88533, -4.93418],
			"to": [8.25, 6.03533, -4.38418],
			"rotation": {"angle": 0, "axis": "y", "origin": [16.1, 15.43533, 10.21582]},
			"faces": {
				"north": {"uv": [4, 6, 4.5, 6.15], "texture": "#0"},
				"east": {"uv": [4, 6, 4.5, 6.15], "texture": "#0"},
				"south": {"uv": [4, 6, 4.5, 6.15], "texture": "#0"},
				"west": {"uv": [4, 6, 4.5, 6.15], "texture": "#0"},
				"up": {"uv": [4, 6, 4.5, 6.15], "texture": "#0"},
				"down": {"uv": [4, 6, 4.5, 6.15], "texture": "#0"}
			}
		},
		{
			"from": [7.75, 6.43533, -4.93418],
			"to": [8.25, 6.58533, -4.38418],
			"rotation": {"angle": 0, "axis": "y", "origin": [16.1, 15.98533, 10.21582]},
			"faces": {
				"north": {"uv": [4, 6, 4.5, 6.15], "texture": "#0"},
				"east": {"uv": [4, 6, 4.5, 6.15], "texture": "#0"},
				"south": {"uv": [4, 6, 4.5, 6.15], "texture": "#0"},
				"west": {"uv": [4, 6, 4.5, 6.15], "texture": "#0"},
				"up": {"uv": [4, 6, 4.5, 6.15], "texture": "#0"},
				"down": {"uv": [4, 6, 4.5, 6.15], "texture": "#0"}
			}
		},
		{
			"from": [7.65, 5.98533, -4.93418],
			"to": [7.8, 6.48533, -4.38418],
			"rotation": {"angle": 0, "axis": "y", "origin": [16, 15.53533, 10.21582]},
			"faces": {
				"north": {"uv": [4, 6, 4.15, 6.5], "texture": "#0"},
				"east": {"uv": [4, 6, 4.15, 6.5], "texture": "#0"},
				"south": {"uv": [4, 6, 4.15, 6.5], "texture": "#0"},
				"west": {"uv": [4, 6, 4.15, 6.5], "texture": "#0"},
				"up": {"uv": [4, 6, 4.15, 6.5], "texture": "#0"},
				"down": {"uv": [4, 6, 4.15, 6.5], "texture": "#0"}
			}
		},
		{
			"from": [8.2, 5.98533, -4.93418],
			"to": [8.35, 6.48533, -4.38418],
			"rotation": {"angle": 0, "axis": "y", "origin": [16.55, 15.53533, 10.21582]},
			"faces": {
				"north": {"uv": [4, 6, 4.15, 6.5], "texture": "#0"},
				"east": {"uv": [4, 6, 4.15, 6.5], "texture": "#0"},
				"south": {"uv": [4, 6, 4.15, 6.5], "texture": "#0"},
				"west": {"uv": [4, 6, 4.15, 6.5], "texture": "#0"},
				"up": {"uv": [4, 6, 4.15, 6.5], "texture": "#0"},
				"down": {"uv": [4, 6, 4.15, 6.5], "texture": "#0"}
			}
		},
		{
			"from": [7.45, 5.61033, 1.21582],
			"to": [8.55, 5.91033, 5.71582],
			"rotation": {"angle": 0, "axis": "y", "origin": [16, 13.61033, 14.21582]},
			"faces": {
				"north": {"uv": [1, 12, 2.1, 12.3], "texture": "#0"},
				"east": {"uv": [1, 12, 5.5, 12.3], "texture": "#0"},
				"south": {"uv": [1, 12, 2.1, 12.3], "texture": "#0"},
				"west": {"uv": [1, 12, 5.5, 12.3], "texture": "#0"},
				"up": {"uv": [1, 12, 5.5, 13], "rotation": 90, "texture": "#0"},
				"down": {"uv": [1, 12, 5.5, 13], "rotation": 90, "texture": "#0"}
			}
		},
		{
			"from": [7.35, 5.81033, 4.31582],
			"to": [8.65, 6.11033, 4.81582],
			"rotation": {"angle": 0, "axis": "y", "origin": [16, 13.81033, 13.31582]},
			"faces": {
				"north": {"uv": [1, 12, 2, 13], "texture": "#0"},
				"east": {"uv": [1, 12, 2, 13], "texture": "#0"},
				"south": {"uv": [1, 12, 2, 13], "texture": "#0"},
				"west": {"uv": [1, 12, 2, 13], "texture": "#0"},
				"up": {"uv": [1, 12, 2, 13], "texture": "#0"},
				"down": {"uv": [1, 12, 2, 13], "texture": "#0"}
			}
		},
		{
			"from": [7.35, 5.81033, 2.81582],
			"to": [8.65, 6.11033, 3.31582],
			"rotation": {"angle": 0, "axis": "y", "origin": [16, 13.81033, 11.81582]},
			"faces": {
				"north": {"uv": [1, 12, 2, 13], "texture": "#0"},
				"east": {"uv": [1, 12, 2, 13], "texture": "#0"},
				"south": {"uv": [1, 12, 2, 13], "texture": "#0"},
				"west": {"uv": [1, 12, 2, 13], "texture": "#0"},
				"up": {"uv": [1, 12, 2, 13], "texture": "#0"},
				"down": {"uv": [1, 12, 2, 13], "texture": "#0"}
			}
		},
		{
			"from": [7.35, 5.81033, 1.31582],
			"to": [8.65, 6.11033, 1.81582],
			"rotation": {"angle": 0, "axis": "y", "origin": [16, 13.81033, 10.31582]},
			"faces": {
				"north": {"uv": [1, 12, 2, 13], "texture": "#0"},
				"east": {"uv": [1, 12, 2, 13], "texture": "#0"},
				"south": {"uv": [1, 12, 2, 13], "texture": "#0"},
				"west": {"uv": [1, 12, 2, 13], "texture": "#0"},
				"up": {"uv": [1, 12, 2, 13], "texture": "#0"},
				"down": {"uv": [1, 12, 2, 13], "texture": "#0"}
			}
		},
		{
			"from": [7.35, 5.81033, 5.06582],
			"to": [8.65, 6.11033, 5.56582],
			"rotation": {"angle": 0, "axis": "y", "origin": [16, 13.81033, 14.06582]},
			"faces": {
				"north": {"uv": [1, 12, 2, 13], "texture": "#0"},
				"east": {"uv": [1, 12, 2, 13], "texture": "#0"},
				"south": {"uv": [1, 12, 2, 13], "texture": "#0"},
				"west": {"uv": [1, 12, 2, 13], "texture": "#0"},
				"up": {"uv": [1, 12, 2, 13], "texture": "#0"},
				"down": {"uv": [1, 12, 2, 13], "texture": "#0"}
			}
		},
		{
			"from": [7.35, 5.81033, 3.56582],
			"to": [8.65, 6.11033, 4.06582],
			"rotation": {"angle": 0, "axis": "y", "origin": [16, 13.81033, 12.56582]},
			"faces": {
				"north": {"uv": [1, 12, 2, 13], "texture": "#0"},
				"east": {"uv": [1, 12, 2, 13], "texture": "#0"},
				"south": {"uv": [1, 12, 2, 13], "texture": "#0"},
				"west": {"uv": [1, 12, 2, 13], "texture": "#0"},
				"up": {"uv": [1, 12, 2, 13], "texture": "#0"},
				"down": {"uv": [1, 12, 2, 13], "texture": "#0"}
			}
		},
		{
			"from": [7.35, 5.81033, 2.06582],
			"to": [8.65, 6.11033, 2.56582],
			"rotation": {"angle": 0, "axis": "y", "origin": [16, 13.81033, 11.06582]},
			"faces": {
				"north": {"uv": [1, 12, 2, 13], "texture": "#0"},
				"east": {"uv": [1, 12, 2, 13], "texture": "#0"},
				"south": {"uv": [1, 12, 2, 13], "texture": "#0"},
				"west": {"uv": [1, 12, 2, 13], "texture": "#0"},
				"up": {"uv": [1, 12, 2, 13], "texture": "#0"},
				"down": {"uv": [1, 12, 2, 13], "texture": "#0"}
			}
		},
		{
			"from": [8.75, 5.36033, 7.96582],
			"to": [9.75, 6.06033, 8.21582],
			"rotation": {"angle": 0, "axis": "y", "origin": [16.5, 13.36033, 20.71582]},
			"faces": {
				"north": {"uv": [11, 9, 12, 9.7], "texture": "#0"},
				"east": {"uv": [11, 9, 12, 9.7], "texture": "#0"},
				"south": {"uv": [11, 9, 12, 9.7], "texture": "#0"},
				"west": {"uv": [11, 9, 12, 9.7], "texture": "#0"},
				"up": {"uv": [11, 9, 12, 9.7], "texture": "#0"},
				"down": {"uv": [11, 9, 12, 9.7], "texture": "#0"}
			}
		},
		{
			"from": [7, 2.86033, 6.21582],
			"to": [9, 3.36033, 9.71582],
			"rotation": {"angle": 0, "axis": "y", "origin": [16, 10.86033, 21.21582]},
			"faces": {
				"north": {"uv": [1, 9, 3, 9.5], "texture": "#0"},
				"east": {"uv": [1, 9, 4.5, 9.5], "texture": "#0"},
				"south": {"uv": [1, 9, 3, 9.5], "texture": "#0"},
				"west": {"uv": [1, 9, 4.5, 9.5], "texture": "#0"},
				"up": {"uv": [1, 13, 4.5, 15], "rotation": 90, "texture": "#0"},
				"down": {"uv": [1, 13, 4.5, 15], "rotation": 90, "texture": "#0"}
			}
		},
		{
			"from": [7.25, -4.63967, 8.71582],
			"to": [8.75, -2.13967, 11.46582],
			"rotation": {"angle": 22.5, "axis": "x", "origin": [16, 5.36033, 23.21582]},
			"faces": {
				"north": {"uv": [11, 9, 12.5, 11.5], "texture": "#0"},
				"east": {"uv": [11, 9, 13.75, 11.5], "texture": "#0"},
				"south": {"uv": [11, 9, 12.5, 11.5], "texture": "#0"},
				"west": {"uv": [11, 9, 13.75, 11.5], "texture": "#0"},
				"up": {"uv": [11, 9, 13.75, 10.5], "rotation": 90, "texture": "#0"},
				"down": {"uv": [11, 10, 13.75, 11.5], "rotation": 90, "texture": "#0"}
			}
		},
		{
			"from": [7.8, 6.68596, 6.00128],
			"to": [8.2, 7.28596, 6.15128],
			"rotation": {"angle": -22.5, "axis": "x", "origin": [16.5, 14.78596, 17.65128]},
			"faces": {
				"north": {"uv": [11, 9, 11.4, 9.6], "texture": "#0"},
				"east": {"uv": [11, 9, 11.4, 9.6], "texture": "#0"},
				"south": {"uv": [11, 9, 11.4, 9.6], "texture": "#0"},
				"west": {"uv": [11, 9, 11.4, 9.6], "texture": "#0"},
				"up": {"uv": [11, 9, 11.4, 9.6], "texture": "#0"},
				"down": {"uv": [11, 9, 11.4, 9.6], "texture": "#0"}
			}
		},
		{
			"from": [7.75, 2.36033, 12.71582],
			"to": [8.25, 3.36033, 12.96582],
			"rotation": {"angle": 0, "axis": "y", "origin": [16, 9.86033, 20.46582]},
			"faces": {
				"north": {"uv": [11, 9, 11.25, 10], "texture": "#0"},
				"east": {"uv": [11, 9, 11.25, 10], "texture": "#0"},
				"south": {"uv": [11, 9, 11.25, 10], "texture": "#0"},
				"west": {"uv": [11, 9, 11.25, 10], "texture": "#0"},
				"up": {"uv": [11, 9, 11.25, 10], "texture": "#0"},
				"down": {"uv": [11, 9, 11.25, 10], "texture": "#0"}
			}
		},
		{
			"from": [7.85, 2.61033, 12.26582],
			"to": [8.15, 3.36033, 12.51582],
			"rotation": {"angle": 0, "axis": "y", "origin": [16, 9.86033, 20.01582]},
			"faces": {
				"north": {"uv": [13, 10, 13.25, 10.75], "texture": "#0"},
				"east": {"uv": [13, 10, 13.25, 10.75], "texture": "#0"},
				"south": {"uv": [13, 10, 13.25, 10.75], "texture": "#0"},
				"west": {"uv": [13, 10, 13.25, 10.75], "texture": "#0"},
				"up": {"uv": [13, 10, 13.25, 10.75], "texture": "#0"},
				"down": {"uv": [13, 10, 13.25, 10.75], "texture": "#0"}
			}
		},
		{
			"from": [7.75, 2.36033, 10.96582],
			"to": [8.25, 3.36033, 11.21582],
			"rotation": {"angle": 0, "axis": "y", "origin": [16, 9.86033, 18.71582]},
			"faces": {
				"north": {"uv": [11, 9, 11.25, 10], "texture": "#0"},
				"east": {"uv": [11, 9, 11.25, 10], "texture": "#0"},
				"south": {"uv": [11, 9, 11.25, 10], "texture": "#0"},
				"west": {"uv": [11, 9, 11.25, 10], "texture": "#0"},
				"up": {"uv": [11, 9, 11.25, 10], "texture": "#0"},
				"down": {"uv": [11, 9, 11.25, 10], "texture": "#0"}
			}
		},
		{
			"from": [7.75, 2.21033, 11.21582],
			"to": [8.25, 2.46033, 12.71582],
			"rotation": {"angle": 0, "axis": "y", "origin": [16, 9.71033, 18.96582]},
			"faces": {
				"north": {"uv": [11, 9, 12.5, 9.25], "texture": "#0"},
				"east": {"uv": [11, 9, 12.5, 9.25], "texture": "#0"},
				"south": {"uv": [11, 9, 12.5, 9.25], "texture": "#0"},
				"west": {"uv": [11, 9, 12.5, 9.25], "texture": "#0"},
				"up": {"uv": [11, 9, 11.5, 10.5], "texture": "#0"},
				"down": {"uv": [11, 9, 11.5, 10.5], "texture": "#0"}
			}
		},
		{
			"from": [7.25, 3.86033, 14.71582],
			"to": [8.75, 5.36033, 17.21582],
			"rotation": {"angle": 0, "axis": "y", "origin": [16.5, 11.86033, 24.21582]},
			"faces": {
				"north": {"uv": [6, 13, 7.5, 14.5], "texture": "#0"},
				"east": {"uv": [6, 13, 8.5, 14.5], "texture": "#0"},
				"south": {"uv": [6, 13, 7.5, 14.5], "texture": "#0"},
				"west": {"uv": [6, 13, 8.5, 14.5], "texture": "#0"},
				"up": {"uv": [6, 13, 8.5, 14.5], "rotation": 90, "texture": "#0"},
				"down": {"uv": [6, 13, 8.5, 14.5], "rotation": 90, "texture": "#0"}
			}
		},
		{
			"from": [7.25, 5.36033, 18.94082],
			"to": [8.75, 5.86033, 23.44082],
			"rotation": {"angle": 0, "axis": "y", "origin": [16.5, 12.36033, 30.46582]},
			"faces": {
				"north": {"uv": [4, 0, 4.5, 1.5], "rotation": 90, "texture": "#0"},
				"east": {"uv": [4, 0, 8.5, 0.5], "texture": "#0"},
				"south": {"uv": [4, 0, 4.5, 1.5], "rotation": 90, "texture": "#0"},
				"west": {"uv": [4, 0, 8.5, 0.5], "texture": "#0"},
				"up": {"uv": [4, 0, 8.5, 1.5], "rotation": 90, "texture": "#0"},
				"down": {"uv": [4, 0, 8.5, 1.5], "rotation": 90, "texture": "#0"}
			}
		},
		{
			"from": [7, 4.61033, 18.96582],
			"to": [9, 5.61033, 23.46582],
			"rotation": {"angle": 0, "axis": "y", "origin": [15.25, 12.11033, 30.46582]},
			"faces": {
				"north": {"uv": [4, 1, 6, 2], "texture": "#0"},
				"east": {"uv": [4, 1, 8.5, 2], "texture": "#0"},
				"south": {"uv": [4, 1, 6, 2], "texture": "#0"},
				"west": {"uv": [4, 1, 8.5, 2], "texture": "#0"},
				"up": {"uv": [4, 0, 8.5, 2], "rotation": 90, "texture": "#0"},
				"down": {"uv": [4, 0, 8.5, 2], "rotation": 90, "texture": "#0"}
			}
		},
		{
			"from": [7.25, 1.86033, 23.71582],
			"to": [8.75, 5.36033, 24.71582],
			"rotation": {"angle": 0, "axis": "y", "origin": [16.5, 11.86033, 32.71582]},
			"faces": {
				"north": {"uv": [6, 2, 7.5, 5.5], "texture": "#0"},
				"east": {"uv": [4, 2, 5, 5.5], "texture": "#0"},
				"south": {"uv": [4, 2, 5.5, 5.5], "texture": "#0"},
				"west": {"uv": [4, 2, 5, 5.5], "texture": "#0"},
				"up": {"uv": [4, 2, 5.5, 3], "texture": "#0"},
				"down": {"uv": [4, 2, 5.5, 3], "texture": "#0"}
			}
		},
		{
			"from": [7.5, 4.31033, 17.21582],
			"to": [8.5, 5.31033, 23.71582],
			"rotation": {"angle": 0, "axis": "y", "origin": [16.5, 12.31033, 26.21582]},
			"faces": {
				"north": {"uv": [4, 6, 5, 7], "texture": "#0"},
				"east": {"uv": [4, 6, 10.5, 7], "texture": "#0"},
				"south": {"uv": [4, 6, 5, 7], "texture": "#0"},
				"west": {"uv": [4, 6, 10.5, 7], "texture": "#0"},
				"up": {"uv": [4, 6, 10.5, 7], "rotation": 90, "texture": "#0"},
				"down": {"uv": [4, 6, 10.5, 7], "rotation": 90, "texture": "#0"}
			}
		},
		{
			"from": [7.625, 2.06033, 21.96582],
			"to": [8.375, 2.56033, 23.71582],
			"rotation": {"angle": 0, "axis": "y", "origin": [16.5, 10.06033, 26.21582]},
			"faces": {
				"north": {"uv": [5, 6, 5.8, 6.5], "texture": "#0"},
				"east": {"uv": [5, 6, 6.75, 6.5], "texture": "#0"},
				"south": {"uv": [5, 6, 5.8, 6.5], "texture": "#0"},
				"west": {"uv": [5, 6, 6.75, 6.5], "texture": "#0"},
				"up": {"uv": [5, 6, 6.75, 6.8], "rotation": 90, "texture": "#0"},
				"down": {"uv": [5, 6, 6.75, 6.8], "rotation": 90, "texture": "#0"}
			}
		},
		{
			"from": [7.4, 6, 1.5],
			"to": [8.6, 6.4, 3.5],
			"faces": {
				"north": {"uv": [2, 5, 3.2, 5.4], "texture": "#1"},
				"east": {"uv": [2, 5, 4, 5.4], "texture": "#1"},
				"south": {"uv": [2, 5, 3, 5.4], "texture": "#1"},
				"west": {"uv": [2, 5, 4, 5.4], "texture": "#1"},
				"up": {"uv": [2, 3, 3, 5], "texture": "#1"},
				"down": {"uv": [2, 3, 3.2, 5], "texture": "#1"}
			}
		},
		{
			"from": [7.4, 6.6, 1.7],
			"to": [7.5, 7.5, 1.8],
			"faces": {
				"north": {"uv": [2, 3, 2.1, 3.9], "texture": "#1"},
				"east": {"uv": [2, 3, 2.1, 3.9], "texture": "#1"},
				"south": {"uv": [2, 3, 2.1, 3.9], "texture": "#1"},
				"west": {"uv": [2, 3, 2.1, 3.9], "texture": "#1"},
				"up": {"uv": [2, 3, 2.1, 3.9], "texture": "#1"},
				"down": {"uv": [2, 3, 2.1, 3.9], "texture": "#1"}
			}
		},
		{
			"from": [8.5, 6.6, 1.7],
			"to": [8.6, 7.5, 1.8],
			"faces": {
				"north": {"uv": [2, 3, 2.1, 3.9], "texture": "#1"},
				"east": {"uv": [2, 3, 2.1, 3.9], "texture": "#1"},
				"south": {"uv": [2, 3, 2.1, 3.9], "texture": "#1"},
				"west": {"uv": [2, 3, 2.1, 3.9], "texture": "#1"},
				"up": {"uv": [2, 3, 2.1, 3.9], "texture": "#1"},
				"down": {"uv": [2, 3, 2.1, 3.9], "texture": "#1"}
			}
		},
		{
			"from": [7.5, 7.5, 1.7],
			"to": [8.5, 7.6, 1.8],
			"faces": {
				"north": {"uv": [2, 3, 3, 3.1], "texture": "#1"},
				"east": {"uv": [2, 3, 3, 3.1], "texture": "#1"},
				"south": {"uv": [2, 3, 3, 3.1], "texture": "#1"},
				"west": {"uv": [2, 3, 3, 3.1], "texture": "#1"},
				"up": {"uv": [2, 3, 3, 3.1], "texture": "#1"},
				"down": {"uv": [2, 3, 3, 3.1], "texture": "#1"}
			}
		},
		{
			"from": [7.5, 6.4, 1.6],
			"to": [8.5, 6.6, 2.1],
			"faces": {
				"north": {"uv": [2, 3, 3, 3.5], "texture": "#1"},
				"east": {"uv": [2, 3, 3, 3.5], "texture": "#1"},
				"south": {"uv": [2, 3, 3, 3.5], "texture": "#1"},
				"west": {"uv": [2, 3, 3, 3.5], "texture": "#1"},
				"up": {"uv": [2, 3, 3, 3.5], "texture": "#1"},
				"down": {"uv": [2, 3, 3, 3.5], "texture": "#1"}
			}
		}
	],
	"display": {
		"thirdperson_righthand": {
			"translation": [0, 4, -4],
			"scale": [0, 0, 0]
		},
		"thirdperson_lefthand": {
			"translation": [0, 3, -2.75],
			"scale": [0, 0, 0]
		},
		"firstperson_righthand": {
			"translation": [0, -7.5, 0],
			"scale": [0.8, 0.8, 0.8]
		},
		"firstperson_lefthand": {
			"translation": [0, -7.25, 0],
			"scale": [0.8, 0.8, 0.8]
		},
		"ground": {
			"translation": [0, 8, 0]
		},
		"gui": {
			"rotation": [64, 50, -62],
			"translation": [0.5, 2.75, 0],
			"scale": [0.65, 0.65, 0.65]
		}
	}
}