{
  "modelFileName": "charlie.obj",
  "arms": {
    "leftHandAmmo": true,
    "actionArm": "Left",
    "leftArm": {
      "armScale": {
        "x": 0.8,
        "y": 1,
        "z": 0.8
      },
      "armPos": {
        "x": -1.0,
        "y": -1.0,
        "z": 0.12
      },
      "armRot": {
        "x": 75.0,
        "y": 15.0,
        "z": -45.0
      },
      "armReloadPos": {
        "x": -0.4,
        "y": -1.0,
        "z": 0.12
      },
      "armReloadRot": {
        "x": 75.0,
        "y": 15.0,
        "z": -45.0
      },
      "armChargePos": {
        "x": -0.4,
        "y": -0.85,
        "z": 0.12
      },
      "armChargeRot": {
        "x": 75.0,
        "y": 15.0,
        "z": -45.0
      }
    },
    "rightArm": {
      "armScale": {
        "x": 0.8,
        "y": 1,
        "z": 0.8
      },
      "armPos": {
        "x": 0.35,
        "y": -0.55,
        "z": -0.08
      },
      "armRot": {
        "x": 90.0,
        "y": 0.0,
        "z": -90.0
      },
      "armReloadPos": {
        "x": 0.35,
        "y": -0.55,
        "z": -0.08
      },
      "armReloadRot": {
        "x": 90.0,
        "y": 0.0,
        "z": -90.0
      }
    }
  },
  "sprint": {
    "sprintRotate": {
      "x": -20.0,
      "y": 30.0,
      "z": -0.0
    },
    "sprintTranslate": {
      "x": 0.5,
      "y": -0.15,
      "z": -0.65
    }
  },
  "thirdPerson": {
    "thirdPersonOffset": {
      "x": -0.1,
      "y": -0.23,
      "z": -0.0
    },
    "backPersonOffset": {
      "x": 0.0,
      "y": -0.5,
      "z": 0.22
    },
    "thirdPersonScale": 1.3
  },
  "aim": {
    "rotateHipPosition": {
      "x": 0.0,
      "y": 0.0,
      "z": 0.5
    },
    "translateHipPosition": {
      "x": -0.05,
      "y": 0.0,
      "z": 0.0
    },
    "rotateAimPosition": {
      "x": 0.0,
      "y": 0.0,
      "z": 0.0
    },
    "translateAimPosition": {
      "x": 0.1,
      "y": 0.01,
      "z": 0.0
    }
  },
  "attachments": {
    "scopeIsOnSlide": true,
    "positionPointMap": {
      "prototype.docter_sight_mini": [
        {
          "x": 0.0,
          "y": 0.0,
          "z": 0.0
        },
        {
          "x": 0.0,
          "y": 0.0,
          "z": 0.0
        }
      ]
    },
    "aimPointMap": {
      "prototype.docter_sight_mini": [
        {
          "x": 0.0,
          "y": -0.2,
          "z": 0.0
        },
        {
          "x": 0.0,
          "y": 0.0,
          "z": 0.0
        }
      ]
    }
  },
  "itemFrame": {
    "translate": {
      "x": 3.0,
      "y": 0.0,
      "z": 0.0
    }
  },
  "extra": {
    "translateAll": {
      "x": 0.0,
      "y": 0.3,
      "z": 0.0
    },
    "modelScale": 1.3,
    "reloadAnimation": "pistol",
    "chargeHandleDistance": 0.04,
    "gunOffsetScoping": 0.0,
    "crouchZoom": -0.1,
    "adsSpeed": 0.07,
    "gunSlideDistance": 0.04,
    "modelRecoilBackwards": 0.15,
    "modelRecoilUpwards": 1.0,
    "modelRecoilShake": 0.5
  }
}