{
    "internalName": "nz.heavy_attack",
    "defense": "0",
    "durability": 10000,
    "armorTypes": 
    {
	    "head": 
        {
            "displayName": "Heavy Attackers Head"
        },
        "chest": 
        {
            "displayName": "Heavy Attackers Chest"
        },
        "legs": 
        {
            "displayName": "Heavy Attackers Pants",
            "armorModels": ["leftLegModel"]
        }
    },
    "modelSkins":
    [
      {
        "skinAsset": "nz.heavy_attack",
        "displayName": "HeavyAttack"
      }
    ]
}