{
    "internalName": "nz.light_attack",
    "defense": "0",
    "durability": 10000,
    "armorTypes": 
    {
	    "head": 
        {
            "displayName": "Light Attackers Head"
        },
        "chest": 
        {
            "displayName": "Light Attackers Chest"
        },
        "legs": 
        {
            "displayName": "Light Attackers Pants",
            "armorModels": ["leftLegModel"]
        }
    },
    "modelSkins":
    [
      {
        "skinAsset": "nz.light_attack",
        "displayName": "LightAttack"
      }
    ]
}