{
    "internalName": "nz.light_defend",
    "defense": "0",
    "durability": 10000,
    "armorTypes": 
    {
	    "head": 
        {
            "displayName": "Light Defenders Head"
        },
        "chest": 
        {
            "displayName": "Light Defenders Chest"
        },
        "legs": 
        {
            "displayName": "Light Defenders Pants",
            "armorModels": ["leftLegModel"]
        }
    },
    "modelSkins":
    [
      {
        "skinAsset": "nz.light_defend",
        "displayName": "LightDefend"
      }
    ]
}