{
    "internalName": "nz.medium_attack",
    "defense": "0",
    "durability": 10000,
    "armorTypes": 
    {
	    "head": 
        {
            "displayName": "Medium Attackers Head"
        },
        "chest": 
        {
            "displayName": "Medium Attackers Chest"
        },
        "legs": 
        {
            "displayName": "Medium Attackers Pants",
            "armorModels": ["leftLegModel"]
        }
    },
    "modelSkins":
    [
      {
        "skinAsset": "nz.medium_attack",
        "displayName": "MediumAttack"
      }
    ]
}